caseid,task,start_timestamp,end_timestamp,resource
0,Start,2012-03-13 07:00:00,2012-03-13 07:00:00,SYSTEM
0,Traer informacion estudiante - banner,2012-03-13 07:00:00,2012-03-13 07:00:00,SYSTEM
0,Radicar Solicitud Homologacion,2012-03-13 07:00:00,2012-03-13 07:00:00,SYSTEM
0,Validar solicitud,2012-03-13 07:00:00,2012-03-13 07:00:00,SYSTEM
0,Homologacion por grupo de cursos,2012-03-13 07:00:00,2012-03-13 07:00:00,SYSTEM
0,Revisar curso,2012-03-13 07:00:00,2012-03-13 07:00:00,SYSTEM
0,Evaluacion curso,2012-03-13 07:00:00,2012-03-13 07:00:00,SYSTEM
0,Validacion final,2012-03-13 07:00:00,2012-03-13 07:00:00,SYSTEM
0,Visto Bueno Cierre Proceso,2012-03-13 07:00:00,2012-03-13 07:00:00,SYSTEM
0,Transferir Creditos,2012-03-13 07:00:00,2012-03-13 07:00:00,SYSTEM
0,End,2012-03-13 07:00:00,2012-03-13 07:00:00,SYSTEM
1,Start,2012-03-13 07:00:00,2012-03-13 07:00:00,SYSTEM
1,Traer informacion estudiante - banner,2012-03-13 07:00:00,2012-03-13 07:00:00,SYSTEM
1,Radicar Solicitud Homologacion,2012-03-13 07:00:00,2012-03-13 07:00:00,SYSTEM
1,Validar solicitud,2012-03-13 07:00:00,2012-03-13 07:00:00,SYSTEM
1,Homologacion por grupo de cursos,2012-03-13 07:00:00,2012-03-13 07:00:00,SYSTEM
1,End,2012-03-13 07:00:00,2012-03-13 07:00:00,SYSTEM
2,Start,2012-03-13 07:00:00,2012-03-13 07:00:00,SYSTEM
2,Traer informacion estudiante - banner,2012-03-13 07:00:00,2012-03-13 07:00:00,SYSTEM
2,Radicar Solicitud Homologacion,2012-03-13 07:00:00,2012-03-13 07:00:00,SYSTEM
2,Validar solicitud,2012-03-13 07:00:00,2012-03-13 07:00:00,SYSTEM
2,Homologacion por grupo de cursos,2012-03-13 07:00:00,2012-03-13 07:00:00,SYSTEM
2,Revisar curso,2012-03-13 07:00:00,2012-03-13 07:00:00,SYSTEM
2,Evaluacion curso,2012-03-13 07:00:00,2012-03-13 07:00:00,SYSTEM
2,End,2012-03-13 07:00:00,2012-03-13 07:00:00,SYSTEM
3,Start,2012-03-13 07:00:00,2012-03-13 07:00:00,SYSTEM
3,Traer informacion estudiante - banner,2012-03-13 07:00:00,2012-03-13 07:00:00,SYSTEM
3,Radicar Solicitud Homologacion,2012-03-13 07:00:00,2012-03-13 07:00:00,SYSTEM
3,Cancelar Solicitud,2012-03-13 07:00:00,2012-03-13 07:00:00,SYSTEM
3,Notificacion estudiante cancelacion soli,2012-03-13 07:00:00,2012-03-13 07:00:00,SYSTEM
3,End,2012-03-13 07:00:00,2012-03-13 07:00:00,SYSTEM
4,Start,2012-03-13 07:00:00,2012-03-13 07:00:00,SYSTEM
4,Traer informacion estudiante - banner,2012-03-13 07:00:00,2012-03-13 07:00:00,SYSTEM
4,Radicar Solicitud Homologacion,2012-03-13 07:00:00,2012-03-13 07:00:00,SYSTEM
4,Validar solicitud,2012-03-13 07:00:00,2012-03-13 07:00:00,SYSTEM
4,Homologacion por grupo de cursos,2012-03-13 07:00:00,2012-03-13 07:00:00,SYSTEM
4,Revisar curso,2012-03-13 07:00:00,2012-03-13 07:00:00,SYSTEM
4,Evaluacion curso,2012-03-13 07:00:00,2012-03-13 07:00:00,SYSTEM
4,End,2012-03-13 07:00:00,2012-03-13 07:00:00,SYSTEM
5,Start,2012-03-13 07:00:00,2012-03-13 07:00:00,SYSTEM
5,Traer informacion estudiante - banner,2012-03-13 07:00:00,2012-03-13 07:00:00,SYSTEM
5,Radicar Solicitud Homologacion,2012-03-13 07:00:00,2012-03-13 07:00:00,SYSTEM
5,Validar solicitud,2012-03-13 07:00:00,2012-03-13 07:00:00,SYSTEM
5,Homologacion por grupo de cursos,2012-03-13 07:00:00,2012-03-13 07:00:00,SYSTEM
5,End,2012-03-13 07:00:00,2012-03-13 07:00:00,SYSTEM
6,Start,2012-03-13 07:00:00,2012-03-13 07:00:00,SYSTEM
6,Traer informacion estudiante - banner,2012-03-13 07:00:00,2012-03-13 07:00:00,SYSTEM
6,Radicar Solicitud Homologacion,2012-03-13 07:00:00,2012-03-13 07:00:00,SYSTEM
6,Cancelar Solicitud,2012-03-13 07:00:00,2012-03-13 07:00:00,SYSTEM
6,End,2012-03-13 07:00:00,2012-03-13 07:00:00,SYSTEM
7,Start,2012-03-13 07:00:00,2012-03-13 07:00:00,SYSTEM
7,Traer informacion estudiante - banner,2012-03-13 07:00:00,2012-03-13 07:00:00,SYSTEM
7,Radicar Solicitud Homologacion,2012-03-13 07:00:00,2012-03-13 07:00:00,SYSTEM
7,Notificacion estudiante cancelacion soli,2012-03-13 07:00:00,2012-03-13 07:00:00,SYSTEM
7,End,2012-03-13 07:00:00,2012-03-13 07:00:00,SYSTEM
8,Start,2012-03-13 07:00:00,2012-03-13 07:00:00,SYSTEM
8,Traer informacion estudiante - banner,2012-03-13 07:00:00,2012-03-13 07:00:00,SYSTEM
8,Radicar Solicitud Homologacion,2012-03-13 07:00:00,2012-03-13 07:00:00,SYSTEM
8,Validar solicitud,2012-03-13 07:00:00,2012-03-13 07:00:00,SYSTEM
8,Homologacion por grupo de cursos,2012-03-13 07:00:00,2012-03-13 07:00:00,SYSTEM
8,End,2012-03-13 07:00:00,2012-03-13 07:00:00,SYSTEM
9,Start,2012-03-13 07:00:00,2012-03-13 07:00:00,SYSTEM
9,Traer informacion estudiante - banner,2012-03-13 07:00:00,2012-03-13 07:00:00,SYSTEM
9,Radicar Solicitud Homologacion,2012-03-13 07:00:00,2012-03-13 07:00:00,SYSTEM
9,Cancelar Solicitud,2012-03-13 07:00:00,2012-03-13 07:00:00,SYSTEM
9,Notificacion estudiante cancelacion soli,2012-03-13 07:00:00,2012-03-13 07:00:00,SYSTEM
9,End,2012-03-13 07:00:00,2012-03-13 07:00:00,SYSTEM
10,Start,2012-03-13 07:00:00,2012-03-13 07:00:00,SYSTEM
10,Traer informacion estudiante - banner,2012-03-13 07:00:00,2012-03-13 07:00:00,SYSTEM
10,Radicar Solicitud Homologacion,2012-03-13 07:00:00,2012-03-13 07:00:00,SYSTEM
10,Notificacion estudiante cancelacion soli,2012-03-13 07:00:00,2012-03-13 07:00:00,SYSTEM
10,End,2012-03-13 07:00:00,2012-03-13 07:00:00,SYSTEM
11,Start,2012-03-13 07:00:00,2012-03-13 07:00:00,SYSTEM
11,Traer informacion estudiante - banner,2012-03-13 07:00:00,2012-03-13 07:00:00,SYSTEM
11,Radicar Solicitud Homologacion,2012-03-13 07:00:00,2012-03-13 07:00:00,SYSTEM
11,Cancelar Solicitud,2012-03-13 07:00:00,2012-03-13 07:00:00,SYSTEM
11,Notificacion estudiante cancelacion soli,2012-03-13 07:00:00,2012-03-13 07:00:00,SYSTEM
11,End,2012-03-13 07:00:00,2012-03-13 07:00:00,SYSTEM
12,Start,2012-03-13 07:00:00,2012-03-13 07:00:00,SYSTEM
12,Traer informacion estudiante - banner,2012-03-13 07:00:00,2012-03-13 07:00:00,SYSTEM
12,Radicar Solicitud Homologacion,2012-03-13 07:00:00,2012-03-13 07:00:00,SYSTEM
12,Cancelar Solicitud,2012-03-13 07:00:00,2012-03-13 07:00:00,SYSTEM
12,Notificacion estudiante cancelacion soli,2012-03-13 07:00:00,2012-03-13 07:00:00,SYSTEM
12,End,2012-03-13 07:00:00,2012-03-13 07:00:00,SYSTEM
13,Start,2012-03-13 07:00:00,2012-03-13 07:00:00,SYSTEM
13,Traer informacion estudiante - banner,2012-03-13 07:00:00,2012-03-13 07:00:00,SYSTEM
13,Radicar Solicitud Homologacion,2012-03-13 07:00:00,2012-03-13 07:00:00,SYSTEM
13,Notificacion estudiante cancelacion soli,2012-03-13 07:00:00,2012-03-13 07:00:00,SYSTEM
13,End,2012-03-13 07:00:00,2012-03-13 07:00:00,SYSTEM
14,Start,2012-03-13 07:00:00,2012-03-13 07:00:00,SYSTEM
14,Traer informacion estudiante - banner,2012-03-13 07:00:00,2012-03-13 07:00:00,SYSTEM
14,Radicar Solicitud Homologacion,2012-03-13 07:00:00,2012-03-13 07:00:00,SYSTEM
14,Validar solicitud,2012-03-13 07:00:00,2012-03-13 07:00:00,SYSTEM
14,Homologacion por grupo de cursos,2012-03-13 07:00:00,2012-03-13 07:00:00,SYSTEM
14,End,2012-03-13 07:00:00,2012-03-13 07:00:00,SYSTEM
15,Start,2012-03-13 07:00:00,2012-03-13 07:00:00,SYSTEM
15,Traer informacion estudiante - banner,2012-03-13 07:00:00,2012-03-13 07:00:00,SYSTEM
15,Radicar Solicitud Homologacion,2012-03-13 07:00:00,2012-03-13 07:00:00,SYSTEM
15,Cancelar Solicitud,2012-03-13 07:00:00,2012-03-13 07:00:00,SYSTEM
15,Notificacion estudiante cancelacion soli,2012-03-13 07:00:00,2012-03-13 07:00:00,SYSTEM
15,End,2012-03-13 07:00:00,2012-03-13 07:00:00,SYSTEM
16,Start,2012-03-13 07:00:00,2012-03-13 07:00:00,SYSTEM
16,Traer informacion estudiante - banner,2012-03-13 07:00:00,2012-03-13 07:00:00,SYSTEM
16,Radicar Solicitud Homologacion,2012-03-13 07:00:00,2012-03-13 07:00:00,SYSTEM
16,Validar solicitud,2012-03-13 07:00:00,2012-03-13 07:00:00,SYSTEM
16,Homologacion por grupo de cursos,2012-03-13 07:00:00,2012-03-13 07:00:00,SYSTEM
16,Revisar curso,2012-03-13 07:00:00,2012-03-13 07:00:00,SYSTEM
16,Evaluacion curso,2012-03-13 07:00:00,2012-03-13 07:00:00,SYSTEM
16,Validacion final,2012-03-13 07:00:00,2012-03-13 07:00:00,SYSTEM
16,Visto Bueno Cierre Proceso,2012-03-13 07:00:00,2012-03-13 07:00:00,SYSTEM
16,End,2012-03-13 07:00:00,2012-03-13 07:00:00,SYSTEM
17,Start,2012-03-13 07:00:00,2012-03-13 07:00:00,SYSTEM
17,Traer informacion estudiante - banner,2012-03-13 07:00:00,2012-03-13 07:00:00,SYSTEM
17,Radicar Solicitud Homologacion,2012-03-13 07:00:00,2012-03-13 07:00:00,SYSTEM
17,Validar solicitud,2012-03-13 07:00:00,2012-03-13 07:00:00,SYSTEM
17,Homologacion por grupo de cursos,2012-03-13 07:00:00,2012-03-13 07:00:00,SYSTEM
17,End,2012-03-13 07:00:00,2012-03-13 07:00:00,SYSTEM
18,Start,2012-03-13 07:00:00,2012-03-13 07:00:00,SYSTEM
18,Traer informacion estudiante - banner,2012-03-13 07:00:00,2012-03-13 07:00:00,SYSTEM
18,Radicar Solicitud Homologacion,2012-03-13 07:00:00,2012-03-13 07:00:00,SYSTEM
18,Validar solicitud,2012-03-13 07:00:00,2012-03-13 07:00:00,SYSTEM
18,Homologacion por grupo de cursos,2012-03-13 07:00:00,2012-03-13 07:00:00,SYSTEM
18,Revisar curso,2012-03-13 07:00:00,2012-03-13 07:00:00,SYSTEM
18,Evaluacion curso,2012-03-13 07:00:00,2012-03-13 07:00:00,SYSTEM
18,Validar solicitud / pre-homologacion,2012-03-13 07:00:00,2012-03-13 07:00:00,SYSTEM
18,End,2012-03-13 07:00:00,2012-03-13 07:00:00,SYSTEM
19,Start,2012-03-13 07:00:00,2012-03-13 07:00:00,SYSTEM
19,Traer informacion estudiante - banner,2012-03-13 07:00:00,2012-03-13 07:00:00,SYSTEM
19,Radicar Solicitud Homologacion,2012-03-13 07:00:00,2012-03-13 07:00:00,SYSTEM
19,Validar solicitud,2012-03-13 07:00:00,2012-03-13 07:00:00,SYSTEM
19,End,2012-03-13 07:00:00,2012-03-13 07:00:00,SYSTEM
20,Start,2012-03-13 07:00:00,2012-03-13 07:00:00,SYSTEM
20,Cancelar Solicitud,2012-03-13 07:00:00,2012-03-13 07:00:00,SYSTEM
20,Validar solicitud,2012-03-13 07:00:00,2012-03-13 07:00:00,SYSTEM
20,Traer informacion estudiante - banner,2012-03-13 07:00:00,2012-03-13 07:00:00,SYSTEM
20,Radicar Solicitud Homologacion,2012-03-13 07:00:00,2012-03-13 07:00:00,SYSTEM
20,Homologacion por grupo de cursos,2012-03-13 07:00:00,2012-03-13 07:00:00,SYSTEM
20,Revisar curso,2012-03-13 07:00:00,2012-03-13 07:00:00,SYSTEM
20,Evaluacion curso,2012-03-13 07:00:00,2012-03-13 07:00:00,SYSTEM
20,Validar solicitud / pre-homologacion,2012-03-13 07:00:00,2012-03-13 07:00:00,SYSTEM
20,End,2012-03-13 07:00:00,2012-03-13 07:00:00,SYSTEM
21,Start,2012-03-13 07:00:00,2012-03-13 07:00:00,SYSTEM
21,Traer informacion estudiante - banner,2012-03-13 07:00:00,2012-03-13 07:00:00,SYSTEM
21,Radicar Solicitud Homologacion,2012-03-13 07:00:00,2012-03-13 07:00:00,SYSTEM
21,Validar solicitud,2012-03-13 07:00:00,2012-03-13 07:00:00,SYSTEM
21,Homologacion por grupo de cursos,2012-03-13 07:00:00,2012-03-13 07:00:00,SYSTEM
21,Revisar curso,2012-03-13 07:00:00,2012-03-13 07:00:00,SYSTEM
21,Evaluacion curso,2012-03-13 07:00:00,2012-03-13 07:00:00,SYSTEM
21,Validacion final,2012-03-13 07:00:00,2012-03-13 07:00:00,SYSTEM
21,Visto Bueno Cierre Proceso,2012-03-13 07:00:00,2012-03-13 07:00:00,SYSTEM
21,Evaluacion curso,2012-03-13 07:00:00,2012-03-13 07:00:00,SYSTEM
21,Transferir Creditos,2012-03-13 07:00:00,2012-03-13 07:00:00,SYSTEM
21,Validacion final,2012-03-13 07:00:00,2012-03-13 07:00:00,SYSTEM
21,Visto Bueno Cierre Proceso,2012-03-13 07:00:00,2012-03-13 07:00:00,SYSTEM
21,Transferir Creditos,2012-03-13 07:00:00,2012-03-13 07:00:00,SYSTEM
21,Transferir creditos homologables,2012-03-13 07:00:00,2012-03-13 07:00:00,SYSTEM
21,Transferir Creditos,2012-03-13 07:00:00,2012-03-13 07:00:00,SYSTEM
21,Transferir creditos homologables,2012-03-13 07:00:00,2012-03-13 07:00:00,SYSTEM
21,Transferir creditos homologables,2012-03-13 07:00:00,2012-03-13 07:00:00,SYSTEM
21,End,2012-03-13 07:00:00,2012-03-13 07:00:00,SYSTEM
22,Start,2012-03-13 07:00:00,2012-03-13 07:00:00,SYSTEM
22,Traer informacion estudiante - banner,2012-03-13 07:00:00,2012-03-13 07:00:00,SYSTEM
22,Radicar Solicitud Homologacion,2012-03-13 07:00:00,2012-03-13 07:00:00,SYSTEM
22,Cancelar Solicitud,2012-03-13 07:00:00,2012-03-13 07:00:00,SYSTEM
22,Notificacion estudiante cancelacion soli,2012-03-13 07:00:00,2012-03-13 07:00:00,SYSTEM
22,End,2012-03-13 07:00:00,2012-03-13 07:00:00,SYSTEM
23,Start,2012-03-13 07:00:00,2012-03-13 07:00:00,SYSTEM
23,Traer informacion estudiante - banner,2012-03-13 07:00:00,2012-03-13 07:00:00,SYSTEM
23,Radicar Solicitud Homologacion,2012-03-13 07:00:00,2012-03-13 07:00:00,SYSTEM
23,Validar solicitud,2012-03-13 07:00:00,2012-03-13 07:00:00,SYSTEM
23,Recepcion de documentos,2012-03-13 07:00:00,2012-03-13 07:00:00,SYSTEM
23,Homologacion por grupo de cursos,2012-03-13 07:00:00,2012-03-13 07:00:00,SYSTEM
23,Revisar curso,2012-03-13 07:00:00,2012-03-13 07:00:00,SYSTEM
23,Evaluacion curso,2012-03-13 07:00:00,2012-03-13 07:00:00,SYSTEM
23,Validacion final,2012-03-13 07:00:00,2012-03-13 07:00:00,SYSTEM
23,Visto Bueno Cierre Proceso,2012-03-13 07:00:00,2012-03-13 07:00:00,SYSTEM
23,End,2012-03-13 07:00:00,2012-03-13 07:00:00,SYSTEM
24,Start,2012-03-13 07:00:00,2012-03-13 07:00:00,SYSTEM
24,Traer informacion estudiante - banner,2012-03-13 07:00:00,2012-03-13 07:00:00,SYSTEM
24,Radicar Solicitud Homologacion,2012-03-13 07:00:00,2012-03-13 07:00:00,SYSTEM
24,Validar solicitud,2012-03-13 07:00:00,2012-03-13 07:00:00,SYSTEM
24,Homologacion por grupo de cursos,2012-03-13 07:00:00,2012-03-13 07:00:00,SYSTEM
24,Revisar curso,2012-03-13 07:00:00,2012-03-13 07:00:00,SYSTEM
24,Evaluacion curso,2012-03-13 07:00:00,2012-03-13 07:00:00,SYSTEM
24,Visto Bueno Cierre Proceso,2012-03-13 07:00:00,2012-03-13 07:00:00,SYSTEM
24,Validacion final,2012-03-13 07:00:00,2012-03-13 07:00:00,SYSTEM
24,Transferir Creditos,2012-03-13 07:00:00,2012-03-13 07:00:00,SYSTEM
24,Transferir creditos homologables,2012-03-13 07:00:00,2012-03-13 07:00:00,SYSTEM
24,End,2012-03-13 07:00:00,2012-03-13 07:00:00,SYSTEM
25,Start,2012-03-13 07:00:00,2012-03-13 07:00:00,SYSTEM
25,Traer informacion estudiante - banner,2012-03-13 07:00:00,2012-03-13 07:00:00,SYSTEM
25,Radicar Solicitud Homologacion,2012-03-13 07:00:00,2012-03-13 07:00:00,SYSTEM
25,Validar solicitud,2012-03-13 07:00:00,2012-03-13 07:00:00,SYSTEM
25,Homologacion por grupo de cursos,2012-03-13 07:00:00,2012-03-13 07:00:00,SYSTEM
25,Revisar curso,2012-03-13 07:00:00,2012-03-13 07:00:00,SYSTEM
25,Evaluacion curso,2012-03-13 07:00:00,2012-03-13 07:00:00,SYSTEM
25,Validar solicitud / pre-homologacion,2012-03-13 07:00:00,2012-03-13 07:00:00,SYSTEM
25,End,2012-03-13 07:00:00,2012-03-13 07:00:00,SYSTEM
26,Start,2012-03-13 07:00:00,2012-03-13 07:00:00,SYSTEM
26,Traer informacion estudiante - banner,2012-03-13 07:00:00,2012-03-13 07:00:00,SYSTEM
26,Radicar Solicitud Homologacion,2012-03-13 07:00:00,2012-03-13 07:00:00,SYSTEM
26,Validar solicitud,2012-03-13 07:00:00,2012-03-13 07:00:00,SYSTEM
26,Homologacion por grupo de cursos,2012-03-13 07:00:00,2012-03-13 07:00:00,SYSTEM
26,End,2012-03-13 07:00:00,2012-03-13 07:00:00,SYSTEM
27,Start,2012-03-13 07:00:00,2012-03-13 07:00:00,SYSTEM
27,Traer informacion estudiante - banner,2012-03-13 07:00:00,2012-03-13 07:00:00,SYSTEM
27,Radicar Solicitud Homologacion,2012-03-13 07:00:00,2012-03-13 07:00:00,SYSTEM
27,Validar solicitud,2012-03-13 07:00:00,2012-03-13 07:00:00,SYSTEM
27,Homologacion por grupo de cursos,2012-03-13 07:00:00,2012-03-13 07:00:00,SYSTEM
27,End,2012-03-13 07:00:00,2012-03-13 07:00:00,SYSTEM
28,Start,2012-03-13 07:00:00,2012-03-13 07:00:00,SYSTEM
28,Traer informacion estudiante - banner,2012-03-13 07:00:00,2012-03-13 07:00:00,SYSTEM
28,Radicar Solicitud Homologacion,2012-03-13 07:00:00,2012-03-13 07:00:00,SYSTEM
28,Notificacion estudiante cancelacion soli,2012-03-13 07:00:00,2012-03-13 07:00:00,SYSTEM
28,End,2012-03-13 07:00:00,2012-03-13 07:00:00,SYSTEM
29,Start,2012-03-13 07:00:00,2012-03-13 07:00:00,SYSTEM
29,Traer informacion estudiante - banner,2012-03-13 07:00:00,2012-03-13 07:00:00,SYSTEM
29,Radicar Solicitud Homologacion,2012-03-13 07:00:00,2012-03-13 07:00:00,SYSTEM
29,Validar solicitud,2012-03-13 07:00:00,2012-03-13 07:00:00,SYSTEM
29,Homologacion por grupo de cursos,2012-03-13 07:00:00,2012-03-13 07:00:00,SYSTEM
29,End,2012-03-13 07:00:00,2012-03-13 07:00:00,SYSTEM
30,Start,2012-03-13 07:00:00,2012-03-13 07:00:00,SYSTEM
30,Traer informacion estudiante - banner,2012-03-13 07:00:00,2012-03-13 07:00:00,SYSTEM
30,Radicar Solicitud Homologacion,2012-03-13 07:00:00,2012-03-13 07:00:00,SYSTEM
30,Cancelar Solicitud,2012-03-13 07:00:00,2012-03-13 07:00:00,SYSTEM
30,Notificacion estudiante cancelacion soli,2012-03-13 07:00:00,2012-03-13 07:00:00,SYSTEM
30,End,2012-03-13 07:00:00,2012-03-13 07:00:00,SYSTEM
31,Start,2012-03-13 07:00:00,2012-03-13 07:00:00,SYSTEM
31,Traer informacion estudiante - banner,2012-03-13 07:00:00,2012-03-13 07:00:00,SYSTEM
31,Radicar Solicitud Homologacion,2012-03-13 07:00:00,2012-03-13 07:00:00,SYSTEM
31,Validar solicitud,2012-03-13 07:00:00,2012-03-13 07:00:00,SYSTEM
31,Homologacion por grupo de cursos,2012-03-13 07:00:00,2012-03-13 07:00:00,SYSTEM
31,Revisar curso,2012-03-13 07:00:00,2012-03-13 07:00:00,SYSTEM
31,Evaluacion curso,2012-03-13 07:00:00,2012-03-13 07:00:00,SYSTEM
31,Validacion final,2012-03-13 07:00:00,2012-03-13 07:00:00,SYSTEM
31,Visto Bueno Cierre Proceso,2012-03-13 07:00:00,2012-03-13 07:00:00,SYSTEM
31,End,2012-03-13 07:00:00,2012-03-13 07:00:00,SYSTEM
32,Start,2012-03-13 07:00:00,2012-03-13 07:00:00,SYSTEM
32,Traer informacion estudiante - banner,2012-03-13 07:00:00,2012-03-13 07:00:00,SYSTEM
32,Radicar Solicitud Homologacion,2012-03-13 07:00:00,2012-03-13 07:00:00,SYSTEM
32,Validar solicitud,2012-03-13 07:00:00,2012-03-13 07:00:00,SYSTEM
32,Homologacion por grupo de cursos,2012-03-13 07:00:00,2012-03-13 07:00:00,SYSTEM
32,End,2012-03-13 07:00:00,2012-03-13 07:00:00,SYSTEM
33,Start,2012-03-13 07:00:00,2012-03-13 07:00:00,SYSTEM
33,Traer informacion estudiante - banner,2012-03-13 07:00:00,2012-03-13 07:00:00,SYSTEM
33,Radicar Solicitud Homologacion,2012-03-13 07:00:00,2012-03-13 07:00:00,SYSTEM
33,Cancelar Solicitud,2012-03-13 07:00:00,2012-03-13 07:00:00,SYSTEM
33,Notificacion estudiante cancelacion soli,2012-03-13 07:00:00,2012-03-13 07:00:00,SYSTEM
33,End,2012-03-13 07:00:00,2012-03-13 07:00:00,SYSTEM
34,Start,2012-03-13 07:00:00,2012-03-13 07:00:00,SYSTEM
34,Traer informacion estudiante - banner,2012-03-13 07:00:00,2012-03-13 07:00:00,SYSTEM
34,Radicar Solicitud Homologacion,2012-03-13 07:00:00,2012-03-13 07:00:00,SYSTEM
34,Notificacion estudiante cancelacion soli,2012-03-13 07:00:00,2012-03-13 07:00:00,SYSTEM
34,End,2012-03-13 07:00:00,2012-03-13 07:00:00,SYSTEM
35,Start,2012-03-13 07:00:00,2012-03-13 07:00:00,SYSTEM
35,Traer informacion estudiante - banner,2012-03-13 07:00:00,2012-03-13 07:00:00,SYSTEM
35,Radicar Solicitud Homologacion,2012-03-13 07:00:00,2012-03-13 07:00:00,SYSTEM
35,Notificacion estudiante cancelacion soli,2012-03-13 07:00:00,2012-03-13 07:00:00,SYSTEM
35,End,2012-03-13 07:00:00,2012-03-13 07:00:00,SYSTEM
36,Start,2012-03-13 07:00:00,2012-03-13 07:00:00,SYSTEM
36,Traer informacion estudiante - banner,2012-03-13 07:00:00,2012-03-13 07:00:00,SYSTEM
36,Radicar Solicitud Homologacion,2012-03-13 07:00:00,2012-03-13 07:00:00,SYSTEM
36,Validar solicitud,2012-03-13 07:00:00,2012-03-13 07:00:00,SYSTEM
36,Homologacion por grupo de cursos,2012-03-13 07:00:00,2012-03-13 07:00:00,SYSTEM
36,Revisar curso,2012-03-13 07:00:00,2012-03-13 07:00:00,SYSTEM
36,Cancelar curso,2012-03-13 07:00:00,2012-03-13 07:00:00,SYSTEM
36,End,2012-03-13 07:00:00,2012-03-13 07:00:00,SYSTEM
37,Start,2012-03-13 07:00:00,2012-03-13 07:00:00,SYSTEM
37,Traer informacion estudiante - banner,2012-03-13 07:00:00,2012-03-13 07:00:00,SYSTEM
37,Radicar Solicitud Homologacion,2012-03-13 07:00:00,2012-03-13 07:00:00,SYSTEM
37,Validar solicitud,2012-03-13 07:00:00,2012-03-13 07:00:00,SYSTEM
37,Homologacion por grupo de cursos,2012-03-13 07:00:00,2012-03-13 07:00:00,SYSTEM
37,Revisar curso,2012-03-13 07:00:00,2012-03-13 07:00:00,SYSTEM
37,Evaluacion curso,2012-03-13 07:00:00,2012-03-13 07:00:00,SYSTEM
37,Validacion final,2012-03-13 07:00:00,2012-03-13 07:00:00,SYSTEM
37,Visto Bueno Cierre Proceso,2012-03-13 07:00:00,2012-03-13 07:00:00,SYSTEM
37,End,2012-03-13 07:00:00,2012-03-13 07:00:00,SYSTEM
38,Start,2012-03-13 07:00:00,2012-03-13 07:00:00,SYSTEM
38,Traer informacion estudiante - banner,2012-03-13 07:00:00,2012-03-13 07:00:00,SYSTEM
38,Radicar Solicitud Homologacion,2012-03-13 07:00:00,2012-03-13 07:00:00,SYSTEM
38,Notificacion estudiante cancelacion soli,2012-03-13 07:00:00,2012-03-13 07:00:00,SYSTEM
38,End,2012-03-13 07:00:00,2012-03-13 07:00:00,SYSTEM
39,Start,2012-03-13 07:00:00,2012-03-13 07:00:00,SYSTEM
39,Traer informacion estudiante - banner,2012-03-13 07:00:00,2012-03-13 07:00:00,SYSTEM
39,Radicar Solicitud Homologacion,2012-03-13 07:00:00,2012-03-13 07:00:00,SYSTEM
39,Radicar Solicitud Homologacion,2012-03-13 07:00:00,2012-03-13 07:00:00,SYSTEM
39,Validar solicitud,2012-03-13 07:00:00,2012-03-13 07:00:00,SYSTEM
39,Homologacion por grupo de cursos,2012-03-13 07:00:00,2012-03-13 07:00:00,SYSTEM
39,Revisar curso,2012-03-13 07:00:00,2012-03-13 07:00:00,SYSTEM
39,Evaluacion curso,2012-03-13 07:00:00,2012-03-13 07:00:00,SYSTEM
39,Validacion final,2012-03-13 07:00:00,2012-03-13 07:00:00,SYSTEM
39,Visto Bueno Cierre Proceso,2012-03-13 07:00:00,2012-03-13 07:00:00,SYSTEM
39,End,2012-03-13 07:00:00,2012-03-13 07:00:00,SYSTEM
40,Start,2012-03-13 07:00:00,2012-03-13 07:00:00,SYSTEM
40,Traer informacion estudiante - banner,2012-03-13 07:00:00,2012-03-13 07:00:00,SYSTEM
40,Radicar Solicitud Homologacion,2012-03-13 07:00:00,2012-03-13 07:00:00,SYSTEM
40,Validar solicitud,2012-03-13 07:00:00,2012-03-13 07:00:00,SYSTEM
40,Homologacion por grupo de cursos,2012-03-13 07:00:00,2012-03-13 07:00:00,SYSTEM
40,Revisar curso,2012-03-13 07:00:00,2012-03-13 07:00:00,SYSTEM
40,Evaluacion curso,2012-03-13 07:00:00,2012-03-13 07:00:00,SYSTEM
40,Validacion final,2012-03-13 07:00:00,2012-03-13 07:00:00,SYSTEM
40,Visto Bueno Cierre Proceso,2012-03-13 07:00:00,2012-03-13 07:00:00,SYSTEM
40,End,2012-03-13 07:00:00,2012-03-13 07:00:00,SYSTEM
41,Start,2012-03-13 07:00:00,2012-03-13 07:00:00,SYSTEM
41,Traer informacion estudiante - banner,2012-03-13 07:00:00,2012-03-13 07:00:00,SYSTEM
41,Radicar Solicitud Homologacion,2012-03-13 07:00:00,2012-03-13 07:00:00,SYSTEM
41,Validar solicitud,2012-03-13 07:00:00,2012-03-13 07:00:00,SYSTEM
41,Homologacion por grupo de cursos,2012-03-13 07:00:00,2012-03-13 07:00:00,SYSTEM
41,Revisar curso,2012-03-13 07:00:00,2012-03-13 07:00:00,SYSTEM
41,Evaluacion curso,2012-03-13 07:00:00,2012-03-13 07:00:00,SYSTEM
41,Validacion final,2012-03-13 07:00:00,2012-03-13 07:00:00,SYSTEM
41,Visto Bueno Cierre Proceso,2012-03-13 07:00:00,2012-03-13 07:00:00,SYSTEM
41,End,2012-03-13 07:00:00,2012-03-13 07:00:00,SYSTEM
42,Start,2012-03-13 07:00:00,2012-03-13 07:00:00,SYSTEM
42,Traer informacion estudiante - banner,2012-03-13 07:00:00,2012-03-13 07:00:00,SYSTEM
42,Radicar Solicitud Homologacion,2012-03-13 07:00:00,2012-03-13 07:00:00,SYSTEM
42,Notificacion estudiante cancelacion soli,2012-03-13 07:00:00,2012-03-13 07:00:00,SYSTEM
42,End,2012-03-13 07:00:00,2012-03-13 07:00:00,SYSTEM
43,Start,2012-03-13 07:00:00,2012-03-13 07:00:00,SYSTEM
43,Traer informacion estudiante - banner,2012-03-13 07:00:00,2012-03-13 07:00:00,SYSTEM
43,Radicar Solicitud Homologacion,2012-03-13 07:00:00,2012-03-13 07:00:00,SYSTEM
43,Validar solicitud,2012-03-13 07:00:00,2012-03-13 07:00:00,SYSTEM
43,Homologacion por grupo de cursos,2012-03-13 07:00:00,2012-03-13 07:00:00,SYSTEM
43,End,2012-03-13 07:00:00,2012-03-13 07:00:00,SYSTEM
44,Start,2012-03-13 07:00:00,2012-03-13 07:00:00,SYSTEM
44,Traer informacion estudiante - banner,2012-03-13 07:00:00,2012-03-13 07:00:00,SYSTEM
44,Radicar Solicitud Homologacion,2012-03-13 07:00:00,2012-03-13 07:00:00,SYSTEM
44,Cancelar Solicitud,2012-03-13 07:00:00,2012-03-13 07:00:00,SYSTEM
44,Notificacion estudiante cancelacion soli,2012-03-13 07:00:00,2012-03-13 07:00:00,SYSTEM
44,End,2012-03-13 07:00:00,2012-03-13 07:00:00,SYSTEM
45,Start,2012-03-13 07:00:00,2012-03-13 07:00:00,SYSTEM
45,Traer informacion estudiante - banner,2012-03-13 07:00:00,2012-03-13 07:00:00,SYSTEM
45,Radicar Solicitud Homologacion,2012-03-13 07:00:00,2012-03-13 07:00:00,SYSTEM
45,Validar solicitud,2012-03-13 07:00:00,2012-03-13 07:00:00,SYSTEM
45,Homologacion por grupo de cursos,2012-03-13 07:00:00,2012-03-13 07:00:00,SYSTEM
45,End,2012-03-13 07:00:00,2012-03-13 07:00:00,SYSTEM
46,Start,2012-03-13 07:00:00,2012-03-13 07:00:00,SYSTEM
46,Traer informacion estudiante - banner,2012-03-13 07:00:00,2012-03-13 07:00:00,SYSTEM
46,Radicar Solicitud Homologacion,2012-03-13 07:00:00,2012-03-13 07:00:00,SYSTEM
46,Validar solicitud,2012-03-13 07:00:00,2012-03-13 07:00:00,SYSTEM
46,Homologacion por grupo de cursos,2012-03-13 07:00:00,2012-03-13 07:00:00,SYSTEM
46,End,2012-03-13 07:00:00,2012-03-13 07:00:00,SYSTEM
47,Start,2012-03-13 07:00:00,2012-03-13 07:00:00,SYSTEM
47,Traer informacion estudiante - banner,2012-03-13 07:00:00,2012-03-13 07:00:00,SYSTEM
47,Radicar Solicitud Homologacion,2012-03-13 07:00:00,2012-03-13 07:00:00,SYSTEM
47,Cancelar Solicitud,2012-03-13 07:00:00,2012-03-13 07:00:00,SYSTEM
47,Notificacion estudiante cancelacion soli,2012-03-13 07:00:00,2012-03-13 07:00:00,SYSTEM
47,End,2012-03-13 07:00:00,2012-03-13 07:00:00,SYSTEM
48,Start,2012-03-13 07:00:00,2012-03-13 07:00:00,SYSTEM
48,Traer informacion estudiante - banner,2012-03-13 07:00:00,2012-03-13 07:00:00,SYSTEM
48,Radicar Solicitud Homologacion,2012-03-13 07:00:00,2012-03-13 07:00:00,SYSTEM
48,Validar solicitud,2012-03-13 07:00:00,2012-03-13 07:00:00,SYSTEM
48,Homologacion por grupo de cursos,2012-03-13 07:00:00,2012-03-13 07:00:00,SYSTEM
48,End,2012-03-13 07:00:00,2012-03-13 07:00:00,SYSTEM
49,Start,2012-03-13 07:00:00,2012-03-13 07:00:00,SYSTEM
49,Traer informacion estudiante - banner,2012-03-13 07:00:00,2012-03-13 07:00:00,SYSTEM
49,Radicar Solicitud Homologacion,2012-03-13 07:00:00,2012-03-13 07:00:00,SYSTEM
49,Validar solicitud,2012-03-13 07:00:00,2012-03-13 07:00:00,SYSTEM
49,Homologacion por grupo de cursos,2012-03-13 07:00:00,2012-03-13 07:00:00,SYSTEM
49,End,2012-03-13 07:00:00,2012-03-13 07:00:00,SYSTEM
50,Start,2012-03-13 07:00:00,2012-03-13 07:00:00,SYSTEM
50,Traer informacion estudiante - banner,2012-03-13 07:00:00,2012-03-13 07:00:00,SYSTEM
50,Radicar Solicitud Homologacion,2012-03-13 07:00:00,2012-03-13 07:00:00,SYSTEM
50,Notificacion estudiante cancelacion soli,2012-03-13 07:00:00,2012-03-13 07:00:00,SYSTEM
50,End,2012-03-13 07:00:00,2012-03-13 07:00:00,SYSTEM
51,Start,2012-03-13 07:00:00,2012-03-13 07:00:00,SYSTEM
51,Traer informacion estudiante - banner,2012-03-13 07:00:00,2012-03-13 07:00:00,SYSTEM
51,Radicar Solicitud Homologacion,2012-03-13 07:00:00,2012-03-13 07:00:00,SYSTEM
51,Validar solicitud,2012-03-13 07:00:00,2012-03-13 07:00:00,SYSTEM
51,End,2012-03-13 07:00:00,2012-03-13 07:00:00,SYSTEM
52,Start,2012-03-13 07:00:00,2012-03-13 07:00:00,SYSTEM
52,Traer informacion estudiante - banner,2012-03-13 07:00:00,2012-03-13 07:00:00,SYSTEM
52,Radicar Solicitud Homologacion,2012-03-13 07:00:00,2012-03-13 07:00:00,SYSTEM
52,Cancelar Solicitud,2012-03-13 07:00:00,2012-03-13 07:00:00,SYSTEM
52,Notificacion estudiante cancelacion soli,2012-03-13 07:00:00,2012-03-13 07:00:00,SYSTEM
52,End,2012-03-13 07:00:00,2012-03-13 07:00:00,SYSTEM
53,Start,2012-03-13 07:00:00,2012-03-13 07:00:00,SYSTEM
53,Traer informacion estudiante - banner,2012-03-13 07:00:00,2012-03-13 07:00:00,SYSTEM
53,Radicar Solicitud Homologacion,2012-03-13 07:00:00,2012-03-13 07:00:00,SYSTEM
53,Notificacion estudiante cancelacion soli,2012-03-13 07:00:00,2012-03-13 07:00:00,SYSTEM
53,End,2012-03-13 07:00:00,2012-03-13 07:00:00,SYSTEM
54,Start,2012-03-13 07:00:00,2012-03-13 07:00:00,SYSTEM
54,Traer informacion estudiante - banner,2012-03-13 07:00:00,2012-03-13 07:00:00,SYSTEM
54,Radicar Solicitud Homologacion,2012-03-13 07:00:00,2012-03-13 07:00:00,SYSTEM
54,Cancelar Solicitud,2012-03-13 07:00:00,2012-03-13 07:00:00,SYSTEM
54,Notificacion estudiante cancelacion soli,2012-03-13 07:00:00,2012-03-13 07:00:00,SYSTEM
54,End,2012-03-13 07:00:00,2012-03-13 07:00:00,SYSTEM
55,Start,2012-03-13 07:00:00,2012-03-13 07:00:00,SYSTEM
55,Traer informacion estudiante - banner,2012-03-13 07:00:00,2012-03-13 07:00:00,SYSTEM
55,Radicar Solicitud Homologacion,2012-03-13 07:00:00,2012-03-13 07:00:00,SYSTEM
55,Validar solicitud,2012-03-13 07:00:00,2012-03-13 07:00:00,SYSTEM
55,Homologacion por grupo de cursos,2012-03-13 07:00:00,2012-03-13 07:00:00,SYSTEM
55,Revisar curso,2012-03-13 07:00:00,2012-03-13 07:00:00,SYSTEM
55,Evaluacion curso,2012-03-13 07:00:00,2012-03-13 07:00:00,SYSTEM
55,Validacion final,2012-03-13 07:00:00,2012-03-13 07:00:00,SYSTEM
55,Visto Bueno Cierre Proceso,2012-03-13 07:00:00,2012-03-13 07:00:00,SYSTEM
55,End,2012-03-13 07:00:00,2012-03-13 07:00:00,SYSTEM
56,Start,2012-03-13 07:00:00,2012-03-13 07:00:00,SYSTEM
56,Traer informacion estudiante - banner,2012-03-13 07:00:00,2012-03-13 07:00:00,SYSTEM
56,Radicar Solicitud Homologacion,2012-03-13 07:00:00,2012-03-13 07:00:00,SYSTEM
56,Validar solicitud,2012-03-13 07:00:00,2012-03-13 07:00:00,SYSTEM
56,Homologacion por grupo de cursos,2012-03-13 07:00:00,2012-03-13 07:00:00,SYSTEM
56,Revisar curso,2012-03-13 07:00:00,2012-03-13 07:00:00,SYSTEM
56,Evaluacion curso,2012-03-13 07:00:00,2012-03-13 07:00:00,SYSTEM
56,Validacion final,2012-03-13 07:00:00,2012-03-13 07:00:00,SYSTEM
56,Visto Bueno Cierre Proceso,2012-03-13 07:00:00,2012-03-13 07:00:00,SYSTEM
56,Transferir Creditos,2012-03-13 07:00:00,2012-03-13 07:00:00,SYSTEM
56,Transferir creditos homologables,2012-03-13 07:00:00,2012-03-13 07:00:00,SYSTEM
56,End,2012-03-13 07:00:00,2012-03-13 07:00:00,SYSTEM
57,Start,2012-03-13 07:00:00,2012-03-13 07:00:00,SYSTEM
57,Traer informacion estudiante - banner,2012-03-13 07:00:00,2012-03-13 07:00:00,SYSTEM
57,Radicar Solicitud Homologacion,2012-03-13 07:00:00,2012-03-13 07:00:00,SYSTEM
57,Validar solicitud,2012-03-13 07:00:00,2012-03-13 07:00:00,SYSTEM
57,Homologacion por grupo de cursos,2012-03-13 07:00:00,2012-03-13 07:00:00,SYSTEM
57,Revisar curso,2012-03-13 07:00:00,2012-03-13 07:00:00,SYSTEM
57,Evaluacion curso,2012-03-13 07:00:00,2012-03-13 07:00:00,SYSTEM
57,Validacion final,2012-03-13 07:00:00,2012-03-13 07:00:00,SYSTEM
57,Visto Bueno Cierre Proceso,2012-03-13 07:00:00,2012-03-13 07:00:00,SYSTEM
57,End,2012-03-13 07:00:00,2012-03-13 07:00:00,SYSTEM
58,Start,2012-03-13 07:00:00,2012-03-13 07:00:00,SYSTEM
58,Traer informacion estudiante - banner,2012-03-13 07:00:00,2012-03-13 07:00:00,SYSTEM
58,Radicar Solicitud Homologacion,2012-03-13 07:00:00,2012-03-13 07:00:00,SYSTEM
58,Notificacion estudiante cancelacion soli,2012-03-13 07:00:00,2012-03-13 07:00:00,SYSTEM
58,End,2012-03-13 07:00:00,2012-03-13 07:00:00,SYSTEM
59,Start,2012-03-13 07:00:00,2012-03-13 07:00:00,SYSTEM
59,Traer informacion estudiante - banner,2012-03-13 07:00:00,2012-03-13 07:00:00,SYSTEM
59,Radicar Solicitud Homologacion,2012-03-13 07:00:00,2012-03-13 07:00:00,SYSTEM
59,Validar solicitud,2012-03-13 07:00:00,2012-03-13 07:00:00,SYSTEM
59,Homologacion por grupo de cursos,2012-03-13 07:00:00,2012-03-13 07:00:00,SYSTEM
59,End,2012-03-13 07:00:00,2012-03-13 07:00:00,SYSTEM
60,Start,2012-03-13 07:00:00,2012-03-13 07:00:00,SYSTEM
60,Traer informacion estudiante - banner,2012-03-13 07:00:00,2012-03-13 07:00:00,SYSTEM
60,Radicar Solicitud Homologacion,2012-03-13 07:00:00,2012-03-13 07:00:00,SYSTEM
60,Cancelar Solicitud,2012-03-13 07:00:00,2012-03-13 07:00:00,SYSTEM
60,Notificacion estudiante cancelacion soli,2012-03-13 07:00:00,2012-03-13 07:00:00,SYSTEM
60,End,2012-03-13 07:00:00,2012-03-13 07:00:00,SYSTEM
61,Start,2012-03-13 07:00:00,2012-03-13 07:00:00,SYSTEM
61,Traer informacion estudiante - banner,2012-03-13 07:00:00,2012-03-13 07:00:00,SYSTEM
61,Radicar Solicitud Homologacion,2012-03-13 07:00:00,2012-03-13 07:00:00,SYSTEM
61,Validar solicitud,2012-03-13 07:00:00,2012-03-13 07:00:00,SYSTEM
61,Homologacion por grupo de cursos,2012-03-13 07:00:00,2012-03-13 07:00:00,SYSTEM
61,Revisar curso,2012-03-13 07:00:00,2012-03-13 07:00:00,SYSTEM
61,Evaluacion curso,2012-03-13 07:00:00,2012-03-13 07:00:00,SYSTEM
61,Validar solicitud / pre-homologacion,2012-03-13 07:00:00,2012-03-13 07:00:00,SYSTEM
61,End,2012-03-13 07:00:00,2012-03-13 07:00:00,SYSTEM
62,Start,2012-03-13 07:00:00,2012-03-13 07:00:00,SYSTEM
62,Traer informacion estudiante - banner,2012-03-13 07:00:00,2012-03-13 07:00:00,SYSTEM
62,Radicar Solicitud Homologacion,2012-03-13 07:00:00,2012-03-13 07:00:00,SYSTEM
62,Notificacion estudiante cancelacion soli,2012-03-13 07:00:00,2012-03-13 07:00:00,SYSTEM
62,End,2012-03-13 07:00:00,2012-03-13 07:00:00,SYSTEM
63,Start,2012-03-13 07:00:00,2012-03-13 07:00:00,SYSTEM
63,Traer informacion estudiante - banner,2012-03-13 07:00:00,2012-03-13 07:00:00,SYSTEM
63,Radicar Solicitud Homologacion,2012-03-13 07:00:00,2012-03-13 07:00:00,SYSTEM
63,Validar solicitud,2012-03-13 07:00:00,2012-03-13 07:00:00,SYSTEM
63,Homologacion por grupo de cursos,2012-03-13 07:00:00,2012-03-13 07:00:00,SYSTEM
63,Revisar curso,2012-03-13 07:00:00,2012-03-13 07:00:00,SYSTEM
63,Evaluacion curso,2012-03-13 07:00:00,2012-03-13 07:00:00,SYSTEM
63,Validacion final,2012-03-13 07:00:00,2012-03-13 07:00:00,SYSTEM
63,Visto Bueno Cierre Proceso,2012-03-13 07:00:00,2012-03-13 07:00:00,SYSTEM
63,Transferir Creditos,2012-03-13 07:00:00,2012-03-13 07:00:00,SYSTEM
63,Transferir creditos homologables,2012-03-13 07:00:00,2012-03-13 07:00:00,SYSTEM
63,End,2012-03-13 07:00:00,2012-03-13 07:00:00,SYSTEM
64,Start,2012-03-13 07:00:00,2012-03-13 07:00:00,SYSTEM
64,Traer informacion estudiante - banner,2012-03-13 07:00:00,2012-03-13 07:00:00,SYSTEM
64,Radicar Solicitud Homologacion,2012-03-13 07:00:00,2012-03-13 07:00:00,SYSTEM
64,Cancelar Solicitud,2012-03-13 07:00:00,2012-03-13 07:00:00,SYSTEM
64,Notificacion estudiante cancelacion soli,2012-03-13 07:00:00,2012-03-13 07:00:00,SYSTEM
64,End,2012-03-13 07:00:00,2012-03-13 07:00:00,SYSTEM
65,Start,2012-03-13 07:00:00,2012-03-13 07:00:00,SYSTEM
65,Traer informacion estudiante - banner,2012-03-13 07:00:00,2012-03-13 07:00:00,SYSTEM
65,Radicar Solicitud Homologacion,2012-03-13 07:00:00,2012-03-13 07:00:00,SYSTEM
65,Validar solicitud,2012-03-13 07:00:00,2012-03-13 07:00:00,SYSTEM
65,Homologacion por grupo de cursos,2012-03-13 07:00:00,2012-03-13 07:00:00,SYSTEM
65,Cancelar curso,2012-03-13 07:00:00,2012-03-13 07:00:00,SYSTEM
65,End,2012-03-13 07:00:00,2012-03-13 07:00:00,SYSTEM
66,Start,2012-03-13 07:00:00,2012-03-13 07:00:00,SYSTEM
66,Traer informacion estudiante - banner,2012-03-13 07:00:00,2012-03-13 07:00:00,SYSTEM
66,Radicar Solicitud Homologacion,2012-03-13 07:00:00,2012-03-13 07:00:00,SYSTEM
66,Cancelar Solicitud,2012-03-13 07:00:00,2012-03-13 07:00:00,SYSTEM
66,Notificacion estudiante cancelacion soli,2012-03-13 07:00:00,2012-03-13 07:00:00,SYSTEM
66,End,2012-03-13 07:00:00,2012-03-13 07:00:00,SYSTEM
67,Start,2012-03-13 07:00:00,2012-03-13 07:00:00,SYSTEM
67,Traer informacion estudiante - banner,2012-03-13 07:00:00,2012-03-13 07:00:00,SYSTEM
67,Radicar Solicitud Homologacion,2012-03-13 07:00:00,2012-03-13 07:00:00,SYSTEM
67,Validar solicitud,2012-03-13 07:00:00,2012-03-13 07:00:00,SYSTEM
67,Homologacion por grupo de cursos,2012-03-13 07:00:00,2012-03-13 07:00:00,SYSTEM
67,End,2012-03-13 07:00:00,2012-03-13 07:00:00,SYSTEM
68,Start,2012-03-13 07:00:00,2012-03-13 07:00:00,SYSTEM
68,Traer informacion estudiante - banner,2012-03-13 07:00:00,2012-03-13 07:00:00,SYSTEM
68,Radicar Solicitud Homologacion,2012-03-13 07:00:00,2012-03-13 07:00:00,SYSTEM
68,Cancelar Solicitud,2012-03-13 07:00:00,2012-03-13 07:00:00,SYSTEM
68,Notificacion estudiante cancelacion soli,2012-03-13 07:00:00,2012-03-13 07:00:00,SYSTEM
68,End,2012-03-13 07:00:00,2012-03-13 07:00:00,SYSTEM
69,Start,2012-03-13 07:00:00,2012-03-13 07:00:00,SYSTEM
69,Traer informacion estudiante - banner,2012-03-13 07:00:00,2012-03-13 07:00:00,SYSTEM
69,Radicar Solicitud Homologacion,2012-03-13 07:00:00,2012-03-13 07:00:00,SYSTEM
69,Cancelar Solicitud,2012-03-13 07:00:00,2012-03-13 07:00:00,SYSTEM
69,Notificacion estudiante cancelacion soli,2012-03-13 07:00:00,2012-03-13 07:00:00,SYSTEM
69,End,2012-03-13 07:00:00,2012-03-13 07:00:00,SYSTEM
70,Start,2012-03-13 07:00:00,2012-03-13 07:00:00,SYSTEM
70,Traer informacion estudiante - banner,2012-03-13 07:00:00,2012-03-13 07:00:00,SYSTEM
70,Radicar Solicitud Homologacion,2012-03-13 07:00:00,2012-03-13 07:00:00,SYSTEM
70,Validar solicitud,2012-03-13 07:00:00,2012-03-13 07:00:00,SYSTEM
70,Homologacion por grupo de cursos,2012-03-13 07:00:00,2012-03-13 07:00:00,SYSTEM
70,Revisar curso,2012-03-13 07:00:00,2012-03-13 07:00:00,SYSTEM
70,Evaluacion curso,2012-03-13 07:00:00,2012-03-13 07:00:00,SYSTEM
70,Validacion final,2012-03-13 07:00:00,2012-03-13 07:00:00,SYSTEM
70,Visto Bueno Cierre Proceso,2012-03-13 07:00:00,2012-03-13 07:00:00,SYSTEM
70,End,2012-03-13 07:00:00,2012-03-13 07:00:00,SYSTEM
71,Start,2012-03-13 07:00:00,2012-03-13 07:00:00,SYSTEM
71,Traer informacion estudiante - banner,2012-03-13 07:00:00,2012-03-13 07:00:00,SYSTEM
71,Radicar Solicitud Homologacion,2012-03-13 07:00:00,2012-03-13 07:00:00,SYSTEM
71,Validar solicitud,2012-03-13 07:00:00,2012-03-13 07:00:00,SYSTEM
71,Homologacion por grupo de cursos,2012-03-13 07:00:00,2012-03-13 07:00:00,SYSTEM
71,Revisar curso,2012-03-13 07:00:00,2012-03-13 07:00:00,SYSTEM
71,Cancelar curso,2012-03-13 07:00:00,2012-03-13 07:00:00,SYSTEM
71,End,2012-03-13 07:00:00,2012-03-13 07:00:00,SYSTEM
72,Start,2012-03-13 07:00:00,2012-03-13 07:00:00,SYSTEM
72,Traer informacion estudiante - banner,2012-03-13 07:00:00,2012-03-13 07:00:00,SYSTEM
72,Radicar Solicitud Homologacion,2012-03-13 07:00:00,2012-03-13 07:00:00,SYSTEM
72,Validar solicitud,2012-03-13 07:00:00,2012-03-13 07:00:00,SYSTEM
72,Homologacion por grupo de cursos,2012-03-13 07:00:00,2012-03-13 07:00:00,SYSTEM
72,Revisar curso,2012-03-13 07:00:00,2012-03-13 07:00:00,SYSTEM
72,Evaluacion curso,2012-03-13 07:00:00,2012-03-13 07:00:00,SYSTEM
72,Validacion final,2012-03-13 07:00:00,2012-03-13 07:00:00,SYSTEM
72,Visto Bueno Cierre Proceso,2012-03-13 07:00:00,2012-03-13 07:00:00,SYSTEM
72,End,2012-03-13 07:00:00,2012-03-13 07:00:00,SYSTEM
73,Start,2012-03-13 07:00:00,2012-03-13 07:00:00,SYSTEM
73,Traer informacion estudiante - banner,2012-03-13 07:00:00,2012-03-13 07:00:00,SYSTEM
73,Radicar Solicitud Homologacion,2012-03-13 07:00:00,2012-03-13 07:00:00,SYSTEM
73,Validar solicitud,2012-03-13 07:00:00,2012-03-13 07:00:00,SYSTEM
73,Homologacion por grupo de cursos,2012-03-13 07:00:00,2012-03-13 07:00:00,SYSTEM
73,End,2012-03-13 07:00:00,2012-03-13 07:00:00,SYSTEM
74,Start,2012-03-13 07:00:00,2012-03-13 07:00:00,SYSTEM
74,Traer informacion estudiante - banner,2012-03-13 07:00:00,2012-03-13 07:00:00,SYSTEM
74,Radicar Solicitud Homologacion,2012-03-13 07:00:00,2012-03-13 07:00:00,SYSTEM
74,Cancelar Solicitud,2012-03-13 07:00:00,2012-03-13 07:00:00,SYSTEM
74,Notificacion estudiante cancelacion soli,2012-03-13 07:00:00,2012-03-13 07:00:00,SYSTEM
74,End,2012-03-13 07:00:00,2012-03-13 07:00:00,SYSTEM
75,Start,2012-03-13 07:00:00,2012-03-13 07:00:00,SYSTEM
75,Traer informacion estudiante - banner,2012-03-13 07:00:00,2012-03-13 07:00:00,SYSTEM
75,Radicar Solicitud Homologacion,2012-03-13 07:00:00,2012-03-13 07:00:00,SYSTEM
75,Cancelar Solicitud,2012-03-13 07:00:00,2012-03-13 07:00:00,SYSTEM
75,Notificacion estudiante cancelacion soli,2012-03-13 07:00:00,2012-03-13 07:00:00,SYSTEM
75,End,2012-03-13 07:00:00,2012-03-13 07:00:00,SYSTEM
76,Start,2012-03-13 07:00:00,2012-03-13 07:00:00,SYSTEM
76,Traer informacion estudiante - banner,2012-03-13 07:00:00,2012-03-13 07:00:00,SYSTEM
76,Radicar Solicitud Homologacion,2012-03-13 07:00:00,2012-03-13 07:00:00,SYSTEM
76,Cancelar Solicitud,2012-03-13 07:00:00,2012-03-13 07:00:00,SYSTEM
76,Notificacion estudiante cancelacion soli,2012-03-13 07:00:00,2012-03-13 07:00:00,SYSTEM
76,End,2012-03-13 07:00:00,2012-03-13 07:00:00,SYSTEM
77,Start,2012-03-13 07:00:00,2012-03-13 07:00:00,SYSTEM
77,Traer informacion estudiante - banner,2012-03-13 07:00:00,2012-03-13 07:00:00,SYSTEM
77,Radicar Solicitud Homologacion,2012-03-13 07:00:00,2012-03-13 07:00:00,SYSTEM
77,Validar solicitud,2012-03-13 07:00:00,2012-03-13 07:00:00,SYSTEM
77,Homologacion por grupo de cursos,2012-03-13 07:00:00,2012-03-13 07:00:00,SYSTEM
77,Cancelar curso,2012-03-13 07:00:00,2012-03-13 07:00:00,SYSTEM
77,End,2012-03-13 07:00:00,2012-03-13 07:00:00,SYSTEM
78,Start,2012-03-13 07:00:00,2012-03-13 07:00:00,SYSTEM
78,Traer informacion estudiante - banner,2012-03-13 07:00:00,2012-03-13 07:00:00,SYSTEM
78,Radicar Solicitud Homologacion,2012-03-13 07:00:00,2012-03-13 07:00:00,SYSTEM
78,Validar solicitud,2012-03-13 07:00:00,2012-03-13 07:00:00,SYSTEM
78,Homologacion por grupo de cursos,2012-03-13 07:00:00,2012-03-13 07:00:00,SYSTEM
78,End,2012-03-13 07:00:00,2012-03-13 07:00:00,SYSTEM
79,Start,2012-03-13 07:00:00,2012-03-13 07:00:00,SYSTEM
79,Traer informacion estudiante - banner,2012-03-13 07:00:00,2012-03-13 07:00:00,SYSTEM
79,Radicar Solicitud Homologacion,2012-03-13 07:00:00,2012-03-13 07:00:00,SYSTEM
79,Cancelar Solicitud,2012-03-13 07:00:00,2012-03-13 07:00:00,SYSTEM
79,Notificacion estudiante cancelacion soli,2012-03-13 07:00:00,2012-03-13 07:00:00,SYSTEM
79,End,2012-03-13 07:00:00,2012-03-13 07:00:00,SYSTEM
80,Start,2012-03-13 07:00:00,2012-03-13 07:00:00,SYSTEM
80,Traer informacion estudiante - banner,2012-03-13 07:00:00,2012-03-13 07:00:00,SYSTEM
80,Radicar Solicitud Homologacion,2012-03-13 07:00:00,2012-03-13 07:00:00,SYSTEM
80,Cancelar Solicitud,2012-03-13 07:00:00,2012-03-13 07:00:00,SYSTEM
80,Notificacion estudiante cancelacion soli,2012-03-13 07:00:00,2012-03-13 07:00:00,SYSTEM
80,End,2012-03-13 07:00:00,2012-03-13 07:00:00,SYSTEM
81,Start,2012-03-13 07:00:00,2012-03-13 07:00:00,SYSTEM
81,Traer informacion estudiante - banner,2012-03-13 07:00:00,2012-03-13 07:00:00,SYSTEM
81,Radicar Solicitud Homologacion,2012-03-13 07:00:00,2012-03-13 07:00:00,SYSTEM
81,Validar solicitud,2012-03-13 07:00:00,2012-03-13 07:00:00,SYSTEM
81,Homologacion por grupo de cursos,2012-03-13 07:00:00,2012-03-13 07:00:00,SYSTEM
81,Revisar curso,2012-03-13 07:00:00,2012-03-13 07:00:00,SYSTEM
81,Evaluacion curso,2012-03-13 07:00:00,2012-03-13 07:00:00,SYSTEM
81,Validacion final,2012-03-13 07:00:00,2012-03-13 07:00:00,SYSTEM
81,Visto Bueno Cierre Proceso,2012-03-13 07:00:00,2012-03-13 07:00:00,SYSTEM
81,Transferir Creditos,2012-03-13 07:00:00,2012-03-13 07:00:00,SYSTEM
81,Transferir creditos homologables,2012-03-13 07:00:00,2012-03-13 07:00:00,SYSTEM
81,End,2012-03-13 07:00:00,2012-03-13 07:00:00,SYSTEM
82,Start,2012-03-13 07:00:00,2012-03-13 07:00:00,SYSTEM
82,Homologacion por grupo de cursos,2012-03-13 07:00:00,2012-03-13 07:00:00,SYSTEM
82,Traer informacion estudiante - banner,2012-03-13 07:00:00,2012-03-13 07:00:00,SYSTEM
82,Radicar Solicitud Homologacion,2012-03-13 07:00:00,2012-03-13 07:00:00,SYSTEM
82,Validar solicitud,2012-03-13 07:00:00,2012-03-13 07:00:00,SYSTEM
82,Homologacion por grupo de cursos,2012-03-13 07:00:00,2012-03-13 07:00:00,SYSTEM
82,Revisar curso,2012-03-13 07:00:00,2012-03-13 07:00:00,SYSTEM
82,Evaluacion curso,2012-03-13 07:00:00,2012-03-13 07:00:00,SYSTEM
82,Visto Bueno Cierre Proceso,2012-03-13 07:00:00,2012-03-13 07:00:00,SYSTEM
82,Validacion final,2012-03-13 07:00:00,2012-03-13 07:00:00,SYSTEM
82,End,2012-03-13 07:00:00,2012-03-13 07:00:00,SYSTEM
83,Start,2012-03-13 07:00:00,2012-03-13 07:00:00,SYSTEM
83,Traer informacion estudiante - banner,2012-03-13 07:00:00,2012-03-13 07:00:00,SYSTEM
83,Radicar Solicitud Homologacion,2012-03-13 07:00:00,2012-03-13 07:00:00,SYSTEM
83,Cancelar Solicitud,2012-03-13 07:00:00,2012-03-13 07:00:00,SYSTEM
83,Notificacion estudiante cancelacion soli,2012-03-13 07:00:00,2012-03-13 07:00:00,SYSTEM
83,End,2012-03-13 07:00:00,2012-03-13 07:00:00,SYSTEM
84,Start,2012-03-13 07:00:00,2012-03-13 07:00:00,SYSTEM
84,Traer informacion estudiante - banner,2012-03-13 07:00:00,2012-03-13 07:00:00,SYSTEM
84,Radicar Solicitud Homologacion,2012-03-13 07:00:00,2012-03-13 07:00:00,SYSTEM
84,Cancelar Solicitud,2012-03-13 07:00:00,2012-03-13 07:00:00,SYSTEM
84,Notificacion estudiante cancelacion soli,2012-03-13 07:00:00,2012-03-13 07:00:00,SYSTEM
84,End,2012-03-13 07:00:00,2012-03-13 07:00:00,SYSTEM
85,Start,2012-03-13 07:00:00,2012-03-13 07:00:00,SYSTEM
85,Traer informacion estudiante - banner,2012-03-13 07:00:00,2012-03-13 07:00:00,SYSTEM
85,Radicar Solicitud Homologacion,2012-03-13 07:00:00,2012-03-13 07:00:00,SYSTEM
85,Cancelar Solicitud,2012-03-13 07:00:00,2012-03-13 07:00:00,SYSTEM
85,Notificacion estudiante cancelacion soli,2012-03-13 07:00:00,2012-03-13 07:00:00,SYSTEM
85,End,2012-03-13 07:00:00,2012-03-13 07:00:00,SYSTEM
86,Start,2012-03-13 07:00:00,2012-03-13 07:00:00,SYSTEM
86,Validar solicitud,2012-03-13 07:00:00,2012-03-13 07:00:00,SYSTEM
86,Traer informacion estudiante - banner,2012-03-13 07:00:00,2012-03-13 07:00:00,SYSTEM
86,Radicar Solicitud Homologacion,2012-03-13 07:00:00,2012-03-13 07:00:00,SYSTEM
86,Homologacion por grupo de cursos,2012-03-13 07:00:00,2012-03-13 07:00:00,SYSTEM
86,Revisar curso,2012-03-13 07:00:00,2012-03-13 07:00:00,SYSTEM
86,Revisar curso,2012-03-13 07:00:00,2012-03-13 07:00:00,SYSTEM
86,Evaluacion curso,2012-03-13 07:00:00,2012-03-13 07:00:00,SYSTEM
86,Validacion final,2012-03-13 07:00:00,2012-03-13 07:00:00,SYSTEM
86,Visto Bueno Cierre Proceso,2012-03-13 07:00:00,2012-03-13 07:00:00,SYSTEM
86,End,2012-03-13 07:00:00,2012-03-13 07:00:00,SYSTEM
87,Start,2012-03-13 07:00:00,2012-03-13 07:00:00,SYSTEM
87,Traer informacion estudiante - banner,2012-03-13 07:00:00,2012-03-13 07:00:00,SYSTEM
87,Radicar Solicitud Homologacion,2012-03-13 07:00:00,2012-03-13 07:00:00,SYSTEM
87,Cancelar Solicitud,2012-03-13 07:00:00,2012-03-13 07:00:00,SYSTEM
87,Notificacion estudiante cancelacion soli,2012-03-13 07:00:00,2012-03-13 07:00:00,SYSTEM
87,End,2012-03-13 07:00:00,2012-03-13 07:00:00,SYSTEM
88,Start,2012-03-13 07:00:00,2012-03-13 07:00:00,SYSTEM
88,Traer informacion estudiante - banner,2012-03-13 07:00:00,2012-03-13 07:00:00,SYSTEM
88,Radicar Solicitud Homologacion,2012-03-13 07:00:00,2012-03-13 07:00:00,SYSTEM
88,Cancelar Solicitud,2012-03-13 07:00:00,2012-03-13 07:00:00,SYSTEM
88,Notificacion estudiante cancelacion soli,2012-03-13 07:00:00,2012-03-13 07:00:00,SYSTEM
88,End,2012-03-13 07:00:00,2012-03-13 07:00:00,SYSTEM
89,Start,2012-03-13 07:00:00,2012-03-13 07:00:00,SYSTEM
89,Traer informacion estudiante - banner,2012-03-13 07:00:00,2012-03-13 07:00:00,SYSTEM
89,Radicar Solicitud Homologacion,2012-03-13 07:00:00,2012-03-13 07:00:00,SYSTEM
89,Validar solicitud,2012-03-13 07:00:00,2012-03-13 07:00:00,SYSTEM
89,Homologacion por grupo de cursos,2012-03-13 07:00:00,2012-03-13 07:00:00,SYSTEM
89,Revisar curso,2012-03-13 07:00:00,2012-03-13 07:00:00,SYSTEM
89,Evaluacion curso,2012-03-13 07:00:00,2012-03-13 07:00:00,SYSTEM
89,Validacion final,2012-03-13 07:00:00,2012-03-13 07:00:00,SYSTEM
89,Visto Bueno Cierre Proceso,2012-03-13 07:00:00,2012-03-13 07:00:00,SYSTEM
89,End,2012-03-13 07:00:00,2012-03-13 07:00:00,SYSTEM
90,Start,2012-03-13 07:00:00,2012-03-13 07:00:00,SYSTEM
90,Traer informacion estudiante - banner,2012-03-13 07:00:00,2012-03-13 07:00:00,SYSTEM
90,Radicar Solicitud Homologacion,2012-03-13 07:00:00,2012-03-13 07:00:00,SYSTEM
90,Validar solicitud,2012-03-13 07:00:00,2012-03-13 07:00:00,SYSTEM
90,Cancelar Solicitud,2012-03-13 07:00:00,2012-03-13 07:00:00,SYSTEM
90,Revisar curso,2012-03-13 07:00:00,2012-03-13 07:00:00,SYSTEM
90,Notificacion estudiante cancelacion soli,2012-03-13 07:00:00,2012-03-13 07:00:00,SYSTEM
90,End,2012-03-13 07:00:00,2012-03-13 07:00:00,SYSTEM
91,Start,2012-03-13 07:00:00,2012-03-13 07:00:00,SYSTEM
91,Traer informacion estudiante - banner,2012-03-13 07:00:00,2012-03-13 07:00:00,SYSTEM
91,Radicar Solicitud Homologacion,2012-03-13 07:00:00,2012-03-13 07:00:00,SYSTEM
91,Validar solicitud,2012-03-13 07:00:00,2012-03-13 07:00:00,SYSTEM
91,Homologacion por grupo de cursos,2012-03-13 07:00:00,2012-03-13 07:00:00,SYSTEM
91,End,2012-03-13 07:00:00,2012-03-13 07:00:00,SYSTEM
92,Start,2012-03-13 07:00:00,2012-03-13 07:00:00,SYSTEM
92,Traer informacion estudiante - banner,2012-03-13 07:00:00,2012-03-13 07:00:00,SYSTEM
92,Radicar Solicitud Homologacion,2012-03-13 07:00:00,2012-03-13 07:00:00,SYSTEM
92,Cancelar Solicitud,2012-03-13 07:00:00,2012-03-13 07:00:00,SYSTEM
92,Validar solicitud,2012-03-13 07:00:00,2012-03-13 07:00:00,SYSTEM
92,Notificacion estudiante cancelacion soli,2012-03-13 07:00:00,2012-03-13 07:00:00,SYSTEM
92,End,2012-03-13 07:00:00,2012-03-13 07:00:00,SYSTEM
93,Start,2012-03-13 07:00:00,2012-03-13 07:00:00,SYSTEM
93,Traer informacion estudiante - banner,2012-03-13 07:00:00,2012-03-13 07:00:00,SYSTEM
93,Radicar Solicitud Homologacion,2012-03-13 07:00:00,2012-03-13 07:00:00,SYSTEM
93,Validar solicitud,2012-03-13 07:00:00,2012-03-13 07:00:00,SYSTEM
93,Homologacion por grupo de cursos,2012-03-13 07:00:00,2012-03-13 07:00:00,SYSTEM
93,End,2012-03-13 07:00:00,2012-03-13 07:00:00,SYSTEM
94,Start,2012-03-13 07:00:00,2012-03-13 07:00:00,SYSTEM
94,Traer informacion estudiante - banner,2012-03-13 07:00:00,2012-03-13 07:00:00,SYSTEM
94,Radicar Solicitud Homologacion,2012-03-13 07:00:00,2012-03-13 07:00:00,SYSTEM
94,Cancelar Solicitud,2012-03-13 07:00:00,2012-03-13 07:00:00,SYSTEM
94,Notificacion estudiante cancelacion soli,2012-03-13 07:00:00,2012-03-13 07:00:00,SYSTEM
94,End,2012-03-13 07:00:00,2012-03-13 07:00:00,SYSTEM
95,Start,2012-03-13 07:00:00,2012-03-13 07:00:00,SYSTEM
95,Traer informacion estudiante - banner,2012-03-13 07:00:00,2012-03-13 07:00:00,SYSTEM
95,Radicar Solicitud Homologacion,2012-03-13 07:00:00,2012-03-13 07:00:00,SYSTEM
95,Validar solicitud,2012-03-13 07:00:00,2012-03-13 07:00:00,SYSTEM
95,Homologacion por grupo de cursos,2012-03-13 07:00:00,2012-03-13 07:00:00,SYSTEM
95,End,2012-03-13 07:00:00,2012-03-13 07:00:00,SYSTEM
96,Start,2012-03-13 07:00:00,2012-03-13 07:00:00,SYSTEM
96,Traer informacion estudiante - banner,2012-03-13 07:00:00,2012-03-13 07:00:00,SYSTEM
96,Radicar Solicitud Homologacion,2012-03-13 07:00:00,2012-03-13 07:00:00,SYSTEM
96,Cancelar Solicitud,2012-03-13 07:00:00,2012-03-13 07:00:00,SYSTEM
96,Notificacion estudiante cancelacion soli,2012-03-13 07:00:00,2012-03-13 07:00:00,SYSTEM
96,End,2012-03-13 07:00:00,2012-03-13 07:00:00,SYSTEM
97,Start,2012-03-13 07:00:00,2012-03-13 07:00:00,SYSTEM
97,Traer informacion estudiante - banner,2012-03-13 07:00:00,2012-03-13 07:00:00,SYSTEM
97,Radicar Solicitud Homologacion,2012-03-13 07:00:00,2012-03-13 07:00:00,SYSTEM
97,Validar solicitud,2012-03-13 07:00:00,2012-03-13 07:00:00,SYSTEM
97,Homologacion por grupo de cursos,2012-03-13 07:00:00,2012-03-13 07:00:00,SYSTEM
97,End,2012-03-13 07:00:00,2012-03-13 07:00:00,SYSTEM
98,Start,2012-03-13 07:00:00,2012-03-13 07:00:00,SYSTEM
98,Traer informacion estudiante - banner,2012-03-13 07:00:00,2012-03-13 07:00:00,SYSTEM
98,Radicar Solicitud Homologacion,2012-03-13 07:00:00,2012-03-13 07:00:00,SYSTEM
98,Cancelar Solicitud,2012-03-13 07:00:00,2012-03-13 07:00:00,SYSTEM
98,Validar solicitud,2012-03-13 07:00:00,2012-03-13 07:00:00,SYSTEM
98,Revisar curso,2012-03-13 07:00:00,2012-03-13 07:00:00,SYSTEM
98,Evaluacion curso,2012-03-13 07:00:00,2012-03-13 07:00:00,SYSTEM
98,Validar solicitud / pre-homologacion,2012-03-13 07:00:00,2012-03-13 07:00:00,SYSTEM
98,End,2012-03-13 07:00:00,2012-03-13 07:00:00,SYSTEM
99,Start,2012-03-13 07:00:00,2012-03-13 07:00:00,SYSTEM
99,Traer informacion estudiante - banner,2012-03-13 07:00:00,2012-03-13 07:00:00,SYSTEM
99,Radicar Solicitud Homologacion,2012-03-13 07:00:00,2012-03-13 07:00:00,SYSTEM
99,Cancelar Solicitud,2012-03-13 07:00:00,2012-03-13 07:00:00,SYSTEM
99,Notificacion estudiante cancelacion soli,2012-03-13 07:00:00,2012-03-13 07:00:00,SYSTEM
99,End,2012-03-13 07:00:00,2012-03-13 07:00:00,SYSTEM
100,Start,2012-03-13 07:00:00,2012-03-13 07:00:00,SYSTEM
100,Traer informacion estudiante - banner,2012-03-13 07:00:00,2012-03-13 07:00:00,SYSTEM
100,Radicar Solicitud Homologacion,2012-03-13 07:00:00,2012-03-13 07:00:00,SYSTEM
100,Cancelar Solicitud,2012-03-13 07:00:00,2012-03-13 07:00:00,SYSTEM
100,Notificacion estudiante cancelacion soli,2012-03-13 07:00:00,2012-03-13 07:00:00,SYSTEM
100,End,2012-03-13 07:00:00,2012-03-13 07:00:00,SYSTEM
101,Start,2012-03-13 07:00:00,2012-03-13 07:00:00,SYSTEM
101,Traer informacion estudiante - banner,2012-03-13 07:00:00,2012-03-13 07:00:00,SYSTEM
101,Radicar Solicitud Homologacion,2012-03-13 07:00:00,2012-03-13 07:00:00,SYSTEM
101,Cancelar Solicitud,2012-03-13 07:00:00,2012-03-13 07:00:00,SYSTEM
101,Notificacion estudiante cancelacion soli,2012-03-13 07:00:00,2012-03-13 07:00:00,SYSTEM
101,End,2012-03-13 07:00:00,2012-03-13 07:00:00,SYSTEM
102,Start,2012-03-13 07:00:00,2012-03-13 07:00:00,SYSTEM
102,Traer informacion estudiante - banner,2012-03-13 07:00:00,2012-03-13 07:00:00,SYSTEM
102,Radicar Solicitud Homologacion,2012-03-13 07:00:00,2012-03-13 07:00:00,SYSTEM
102,Validar solicitud,2012-03-13 07:00:00,2012-03-13 07:00:00,SYSTEM
102,Homologacion por grupo de cursos,2012-03-13 07:00:00,2012-03-13 07:00:00,SYSTEM
102,End,2012-03-13 07:00:00,2012-03-13 07:00:00,SYSTEM
103,Start,2012-03-13 07:00:00,2012-03-13 07:00:00,SYSTEM
103,Traer informacion estudiante - banner,2012-03-13 07:00:00,2012-03-13 07:00:00,SYSTEM
103,Radicar Solicitud Homologacion,2012-03-13 07:00:00,2012-03-13 07:00:00,SYSTEM
103,Cancelar Solicitud,2012-03-13 07:00:00,2012-03-13 07:00:00,SYSTEM
103,Notificacion estudiante cancelacion soli,2012-03-13 07:00:00,2012-03-13 07:00:00,SYSTEM
103,End,2012-03-13 07:00:00,2012-03-13 07:00:00,SYSTEM
104,Start,2012-03-13 07:00:00,2012-03-13 07:00:00,SYSTEM
104,Traer informacion estudiante - banner,2012-03-13 07:00:00,2012-03-13 07:00:00,SYSTEM
104,Radicar Solicitud Homologacion,2012-03-13 07:00:00,2012-03-13 07:00:00,SYSTEM
104,Validar solicitud,2012-03-13 07:00:00,2012-03-13 07:00:00,SYSTEM
104,Homologacion por grupo de cursos,2012-03-13 07:00:00,2012-03-13 07:00:00,SYSTEM
104,Validacion final,2012-03-13 07:00:00,2012-03-13 07:00:00,SYSTEM
104,Visto Bueno Cierre Proceso,2012-03-13 07:00:00,2012-03-13 07:00:00,SYSTEM
104,End,2012-03-13 07:00:00,2012-03-13 07:00:00,SYSTEM
105,Start,2012-03-13 07:00:00,2012-03-13 07:00:00,SYSTEM
105,Traer informacion estudiante - banner,2012-03-13 07:00:00,2012-03-13 07:00:00,SYSTEM
105,Radicar Solicitud Homologacion,2012-03-13 07:00:00,2012-03-13 07:00:00,SYSTEM
105,Cancelar Solicitud,2012-03-13 07:00:00,2012-03-13 07:00:00,SYSTEM
105,Notificacion estudiante cancelacion soli,2012-03-13 07:00:00,2012-03-13 07:00:00,SYSTEM
105,End,2012-03-13 07:00:00,2012-03-13 07:00:00,SYSTEM
106,Start,2012-03-13 07:00:00,2012-03-13 07:00:00,SYSTEM
106,Traer informacion estudiante - banner,2012-03-13 07:00:00,2012-03-13 07:00:00,SYSTEM
106,Radicar Solicitud Homologacion,2012-03-13 07:00:00,2012-03-13 07:00:00,SYSTEM
106,Validar solicitud,2012-03-13 07:00:00,2012-03-13 07:00:00,SYSTEM
106,Cancelar Solicitud,2012-03-13 07:00:00,2012-03-13 07:00:00,SYSTEM
106,Notificacion estudiante cancelacion soli,2012-03-13 07:00:00,2012-03-13 07:00:00,SYSTEM
106,End,2012-03-13 07:00:00,2012-03-13 07:00:00,SYSTEM
107,Start,2012-03-13 07:00:00,2012-03-13 07:00:00,SYSTEM
107,Traer informacion estudiante - banner,2012-03-13 07:00:00,2012-03-13 07:00:00,SYSTEM
107,Radicar Solicitud Homologacion,2012-03-13 07:00:00,2012-03-13 07:00:00,SYSTEM
107,Validar solicitud,2012-03-13 07:00:00,2012-03-13 07:00:00,SYSTEM
107,Homologacion por grupo de cursos,2012-03-13 07:00:00,2012-03-13 07:00:00,SYSTEM
107,End,2012-03-13 07:00:00,2012-03-13 07:00:00,SYSTEM
108,Start,2012-03-13 07:00:00,2012-03-13 07:00:00,SYSTEM
108,Traer informacion estudiante - banner,2012-03-13 07:00:00,2012-03-13 07:00:00,SYSTEM
108,Radicar Solicitud Homologacion,2012-03-13 07:00:00,2012-03-13 07:00:00,SYSTEM
108,Validar solicitud,2012-03-13 07:00:00,2012-03-13 07:00:00,SYSTEM
108,Validacion final,2012-03-13 07:00:00,2012-03-13 07:00:00,SYSTEM
108,Homologacion por grupo de cursos,2012-03-13 07:00:00,2012-03-13 07:00:00,SYSTEM
108,Revisar curso,2012-03-13 07:00:00,2012-03-13 07:00:00,SYSTEM
108,Evaluacion curso,2012-03-13 07:00:00,2012-03-13 07:00:00,SYSTEM
108,End,2012-03-13 07:00:00,2012-03-13 07:00:00,SYSTEM
109,Start,2012-03-13 07:00:00,2012-03-13 07:00:00,SYSTEM
109,Traer informacion estudiante - banner,2012-03-13 07:00:00,2012-03-13 07:00:00,SYSTEM
109,Radicar Solicitud Homologacion,2012-03-13 07:00:00,2012-03-13 07:00:00,SYSTEM
109,Cancelar Solicitud,2012-03-13 07:00:00,2012-03-13 07:00:00,SYSTEM
109,Notificacion estudiante cancelacion soli,2012-03-13 07:00:00,2012-03-13 07:00:00,SYSTEM
109,End,2012-03-13 07:00:00,2012-03-13 07:00:00,SYSTEM
110,Start,2012-03-13 07:00:00,2012-03-13 07:00:00,SYSTEM
110,Traer informacion estudiante - banner,2012-03-13 07:00:00,2012-03-13 07:00:00,SYSTEM
110,Radicar Solicitud Homologacion,2012-03-13 07:00:00,2012-03-13 07:00:00,SYSTEM
110,Validar solicitud,2012-03-13 07:00:00,2012-03-13 07:00:00,SYSTEM
110,Homologacion por grupo de cursos,2012-03-13 07:00:00,2012-03-13 07:00:00,SYSTEM
110,Revisar curso,2012-03-13 07:00:00,2012-03-13 07:00:00,SYSTEM
110,Evaluacion curso,2012-03-13 07:00:00,2012-03-13 07:00:00,SYSTEM
110,Validacion final,2012-03-13 07:00:00,2012-03-13 07:00:00,SYSTEM
110,Visto Bueno Cierre Proceso,2012-03-13 07:00:00,2012-03-13 07:00:00,SYSTEM
110,End,2012-03-13 07:00:00,2012-03-13 07:00:00,SYSTEM
111,Start,2012-03-13 07:00:00,2012-03-13 07:00:00,SYSTEM
111,Traer informacion estudiante - banner,2012-03-13 07:00:00,2012-03-13 07:00:00,SYSTEM
111,Radicar Solicitud Homologacion,2012-03-13 07:00:00,2012-03-13 07:00:00,SYSTEM
111,Cancelar Solicitud,2012-03-13 07:00:00,2012-03-13 07:00:00,SYSTEM
111,Notificacion estudiante cancelacion soli,2012-03-13 07:00:00,2012-03-13 07:00:00,SYSTEM
111,End,2012-03-13 07:00:00,2012-03-13 07:00:00,SYSTEM
112,Start,2012-03-13 07:00:00,2012-03-13 07:00:00,SYSTEM
112,Radicar Solicitud Homologacion,2012-03-13 07:00:00,2012-03-13 07:00:00,SYSTEM
112,End,2012-03-13 07:00:00,2012-03-13 07:00:00,SYSTEM
113,Start,2012-03-13 07:00:00,2012-03-13 07:00:00,SYSTEM
113,Traer informacion estudiante - banner,2012-03-13 07:00:00,2012-03-13 07:00:00,SYSTEM
113,Radicar Solicitud Homologacion,2012-03-13 07:00:00,2012-03-13 07:00:00,SYSTEM
113,Cancelar Solicitud,2012-03-13 07:00:00,2012-03-13 07:00:00,SYSTEM
113,Notificacion estudiante cancelacion soli,2012-03-13 07:00:00,2012-03-13 07:00:00,SYSTEM
113,End,2012-03-13 07:00:00,2012-03-13 07:00:00,SYSTEM
114,Start,2012-03-13 07:00:00,2012-03-13 07:00:00,SYSTEM
114,Traer informacion estudiante - banner,2012-03-13 07:00:00,2012-03-13 07:00:00,SYSTEM
114,Radicar Solicitud Homologacion,2012-03-13 07:00:00,2012-03-13 07:00:00,SYSTEM
114,Notificacion estudiante cancelacion soli,2012-03-13 07:00:00,2012-03-13 07:00:00,SYSTEM
114,Cancelar Solicitud,2012-03-13 07:00:00,2012-03-13 07:00:00,SYSTEM
114,End,2012-03-13 07:00:00,2012-03-13 07:00:00,SYSTEM
115,Start,2012-03-13 07:00:00,2012-03-13 07:00:00,SYSTEM
115,Traer informacion estudiante - banner,2012-03-13 07:00:00,2012-03-13 07:00:00,SYSTEM
115,Radicar Solicitud Homologacion,2012-03-13 07:00:00,2012-03-13 07:00:00,SYSTEM
115,Cancelar Solicitud,2012-03-13 07:00:00,2012-03-13 07:00:00,SYSTEM
115,Notificacion estudiante cancelacion soli,2012-03-13 07:00:00,2012-03-13 07:00:00,SYSTEM
115,End,2012-03-13 07:00:00,2012-03-13 07:00:00,SYSTEM
116,Start,2012-03-13 07:00:00,2012-03-13 07:00:00,SYSTEM
116,Traer informacion estudiante - banner,2012-03-13 07:00:00,2012-03-13 07:00:00,SYSTEM
116,Radicar Solicitud Homologacion,2012-03-13 07:00:00,2012-03-13 07:00:00,SYSTEM
116,Validar solicitud,2012-03-13 07:00:00,2012-03-13 07:00:00,SYSTEM
116,Homologacion por grupo de cursos,2012-03-13 07:00:00,2012-03-13 07:00:00,SYSTEM
116,End,2012-03-13 07:00:00,2012-03-13 07:00:00,SYSTEM
117,Start,2012-03-13 07:00:00,2012-03-13 07:00:00,SYSTEM
117,Traer informacion estudiante - banner,2012-03-13 07:00:00,2012-03-13 07:00:00,SYSTEM
117,Radicar Solicitud Homologacion,2012-03-13 07:00:00,2012-03-13 07:00:00,SYSTEM
117,Cancelar Solicitud,2012-03-13 07:00:00,2012-03-13 07:00:00,SYSTEM
117,Notificacion estudiante cancelacion soli,2012-03-13 07:00:00,2012-03-13 07:00:00,SYSTEM
117,End,2012-03-13 07:00:00,2012-03-13 07:00:00,SYSTEM
118,Start,2012-03-13 07:00:00,2012-03-13 07:00:00,SYSTEM
118,Traer informacion estudiante - banner,2012-03-13 07:00:00,2012-03-13 07:00:00,SYSTEM
118,Radicar Solicitud Homologacion,2012-03-13 07:00:00,2012-03-13 07:00:00,SYSTEM
118,Cancelar Solicitud,2012-03-13 07:00:00,2012-03-13 07:00:00,SYSTEM
118,Notificacion estudiante cancelacion soli,2012-03-13 07:00:00,2012-03-13 07:00:00,SYSTEM
118,End,2012-03-13 07:00:00,2012-03-13 07:00:00,SYSTEM
119,Start,2012-03-13 07:00:00,2012-03-13 07:00:00,SYSTEM
119,Traer informacion estudiante - banner,2012-03-13 07:00:00,2012-03-13 07:00:00,SYSTEM
119,Radicar Solicitud Homologacion,2012-03-13 07:00:00,2012-03-13 07:00:00,SYSTEM
119,Validar solicitud,2012-03-13 07:00:00,2012-03-13 07:00:00,SYSTEM
119,Homologacion por grupo de cursos,2012-03-13 07:00:00,2012-03-13 07:00:00,SYSTEM
119,End,2012-03-13 07:00:00,2012-03-13 07:00:00,SYSTEM
120,Start,2012-03-13 07:00:00,2012-03-13 07:00:00,SYSTEM
120,Traer informacion estudiante - banner,2012-03-13 07:00:00,2012-03-13 07:00:00,SYSTEM
120,Radicar Solicitud Homologacion,2012-03-13 07:00:00,2012-03-13 07:00:00,SYSTEM
120,Cancelar Solicitud,2012-03-13 07:00:00,2012-03-13 07:00:00,SYSTEM
120,Notificacion estudiante cancelacion soli,2012-03-13 07:00:00,2012-03-13 07:00:00,SYSTEM
120,End,2012-03-13 07:00:00,2012-03-13 07:00:00,SYSTEM
121,Start,2012-03-13 07:00:00,2012-03-13 07:00:00,SYSTEM
121,Traer informacion estudiante - banner,2012-03-13 07:00:00,2012-03-13 07:00:00,SYSTEM
121,Radicar Solicitud Homologacion,2012-03-13 07:00:00,2012-03-13 07:00:00,SYSTEM
121,Cancelar Solicitud,2012-03-13 07:00:00,2012-03-13 07:00:00,SYSTEM
121,Notificacion estudiante cancelacion soli,2012-03-13 07:00:00,2012-03-13 07:00:00,SYSTEM
121,End,2012-03-13 07:00:00,2012-03-13 07:00:00,SYSTEM
122,Start,2012-03-13 07:00:00,2012-03-13 07:00:00,SYSTEM
122,Traer informacion estudiante - banner,2012-03-13 07:00:00,2012-03-13 07:00:00,SYSTEM
122,Radicar Solicitud Homologacion,2012-03-13 07:00:00,2012-03-13 07:00:00,SYSTEM
122,Validar solicitud,2012-03-13 07:00:00,2012-03-13 07:00:00,SYSTEM
122,Homologacion por grupo de cursos,2012-03-13 07:00:00,2012-03-13 07:00:00,SYSTEM
122,End,2012-03-13 07:00:00,2012-03-13 07:00:00,SYSTEM
123,Start,2012-03-13 07:00:00,2012-03-13 07:00:00,SYSTEM
123,Traer informacion estudiante - banner,2012-03-13 07:00:00,2012-03-13 07:00:00,SYSTEM
123,Radicar Solicitud Homologacion,2012-03-13 07:00:00,2012-03-13 07:00:00,SYSTEM
123,Validar solicitud,2012-03-13 07:00:00,2012-03-13 07:00:00,SYSTEM
123,Homologacion por grupo de cursos,2012-03-13 07:00:00,2012-03-13 07:00:00,SYSTEM
123,Revisar curso,2012-03-13 07:00:00,2012-03-13 07:00:00,SYSTEM
123,Evaluacion curso,2012-03-13 07:00:00,2012-03-13 07:00:00,SYSTEM
123,Validar solicitud / pre-homologacion,2012-03-13 07:00:00,2012-03-13 07:00:00,SYSTEM
123,End,2012-03-13 07:00:00,2012-03-13 07:00:00,SYSTEM
124,Start,2012-03-13 07:00:00,2012-03-13 07:00:00,SYSTEM
124,Traer informacion estudiante - banner,2012-03-13 07:00:00,2012-03-13 07:00:00,SYSTEM
124,Radicar Solicitud Homologacion,2012-03-13 07:00:00,2012-03-13 07:00:00,SYSTEM
124,Validar solicitud,2012-03-13 07:00:00,2012-03-13 07:00:00,SYSTEM
124,Homologacion por grupo de cursos,2012-03-13 07:00:00,2012-03-13 07:00:00,SYSTEM
124,Revisar curso,2012-03-13 07:00:00,2012-03-13 07:00:00,SYSTEM
124,Evaluacion curso,2012-03-13 07:00:00,2012-03-13 07:00:00,SYSTEM
124,Validar solicitud / pre-homologacion,2012-03-13 07:00:00,2012-03-13 07:00:00,SYSTEM
124,End,2012-03-13 07:00:00,2012-03-13 07:00:00,SYSTEM
125,Start,2012-03-13 07:00:00,2012-03-13 07:00:00,SYSTEM
125,Traer informacion estudiante - banner,2012-03-13 07:00:00,2012-03-13 07:00:00,SYSTEM
125,Radicar Solicitud Homologacion,2012-03-13 07:00:00,2012-03-13 07:00:00,SYSTEM
125,Validar solicitud,2012-03-13 07:00:00,2012-03-13 07:00:00,SYSTEM
125,Homologacion por grupo de cursos,2012-03-13 07:00:00,2012-03-13 07:00:00,SYSTEM
125,End,2012-03-13 07:00:00,2012-03-13 07:00:00,SYSTEM
126,Start,2012-03-13 07:00:00,2012-03-13 07:00:00,SYSTEM
126,Traer informacion estudiante - banner,2012-03-13 07:00:00,2012-03-13 07:00:00,SYSTEM
126,Radicar Solicitud Homologacion,2012-03-13 07:00:00,2012-03-13 07:00:00,SYSTEM
126,Validar solicitud,2012-03-13 07:00:00,2012-03-13 07:00:00,SYSTEM
126,Homologacion por grupo de cursos,2012-03-13 07:00:00,2012-03-13 07:00:00,SYSTEM
126,Recepcion de documentos,2012-03-13 07:00:00,2012-03-13 07:00:00,SYSTEM
126,End,2012-03-13 07:00:00,2012-03-13 07:00:00,SYSTEM
127,Start,2012-03-13 07:00:00,2012-03-13 07:00:00,SYSTEM
127,Traer informacion estudiante - banner,2012-03-13 07:00:00,2012-03-13 07:00:00,SYSTEM
127,Radicar Solicitud Homologacion,2012-03-13 07:00:00,2012-03-13 07:00:00,SYSTEM
127,Validar solicitud,2012-03-13 07:00:00,2012-03-13 07:00:00,SYSTEM
127,Homologacion por grupo de cursos,2012-03-13 07:00:00,2012-03-13 07:00:00,SYSTEM
127,End,2012-03-13 07:00:00,2012-03-13 07:00:00,SYSTEM
128,Start,2012-03-13 07:00:00,2012-03-13 07:00:00,SYSTEM
128,Homologacion por grupo de cursos,2012-03-13 07:00:00,2012-03-13 07:00:00,SYSTEM
128,Traer informacion estudiante - banner,2012-03-13 07:00:00,2012-03-13 07:00:00,SYSTEM
128,Radicar Solicitud Homologacion,2012-03-13 07:00:00,2012-03-13 07:00:00,SYSTEM
128,Validar solicitud,2012-03-13 07:00:00,2012-03-13 07:00:00,SYSTEM
128,Homologacion por grupo de cursos,2012-03-13 07:00:00,2012-03-13 07:00:00,SYSTEM
128,End,2012-03-13 07:00:00,2012-03-13 07:00:00,SYSTEM
129,Start,2012-03-13 07:00:00,2012-03-13 07:00:00,SYSTEM
129,Traer informacion estudiante - banner,2012-03-13 07:00:00,2012-03-13 07:00:00,SYSTEM
129,Radicar Solicitud Homologacion,2012-03-13 07:00:00,2012-03-13 07:00:00,SYSTEM
129,Cancelar Solicitud,2012-03-13 07:00:00,2012-03-13 07:00:00,SYSTEM
129,Notificacion estudiante cancelacion soli,2012-03-13 07:00:00,2012-03-13 07:00:00,SYSTEM
129,End,2012-03-13 07:00:00,2012-03-13 07:00:00,SYSTEM
130,Start,2012-03-13 07:00:00,2012-03-13 07:00:00,SYSTEM
130,Traer informacion estudiante - banner,2012-03-13 07:00:00,2012-03-13 07:00:00,SYSTEM
130,Radicar Solicitud Homologacion,2012-03-13 07:00:00,2012-03-13 07:00:00,SYSTEM
130,Cancelar Solicitud,2012-03-13 07:00:00,2012-03-13 07:00:00,SYSTEM
130,Validar solicitud,2012-03-13 07:00:00,2012-03-13 07:00:00,SYSTEM
130,Notificacion estudiante cancelacion soli,2012-03-13 07:00:00,2012-03-13 07:00:00,SYSTEM
130,End,2012-03-13 07:00:00,2012-03-13 07:00:00,SYSTEM
131,Start,2012-03-13 07:00:00,2012-03-13 07:00:00,SYSTEM
131,Traer informacion estudiante - banner,2012-03-13 07:00:00,2012-03-13 07:00:00,SYSTEM
131,Radicar Solicitud Homologacion,2012-03-13 07:00:00,2012-03-13 07:00:00,SYSTEM
131,Cancelar Solicitud,2012-03-13 07:00:00,2012-03-13 07:00:00,SYSTEM
131,Notificacion estudiante cancelacion soli,2012-03-13 07:00:00,2012-03-13 07:00:00,SYSTEM
131,End,2012-03-13 07:00:00,2012-03-13 07:00:00,SYSTEM
132,Start,2012-03-13 07:00:00,2012-03-13 07:00:00,SYSTEM
132,Traer informacion estudiante - banner,2012-03-13 07:00:00,2012-03-13 07:00:00,SYSTEM
132,Radicar Solicitud Homologacion,2012-03-13 07:00:00,2012-03-13 07:00:00,SYSTEM
132,Cancelar Solicitud,2012-03-13 07:00:00,2012-03-13 07:00:00,SYSTEM
132,Notificacion estudiante cancelacion soli,2012-03-13 07:00:00,2012-03-13 07:00:00,SYSTEM
132,End,2012-03-13 07:00:00,2012-03-13 07:00:00,SYSTEM
133,Start,2012-03-13 07:00:00,2012-03-13 07:00:00,SYSTEM
133,Traer informacion estudiante - banner,2012-03-13 07:00:00,2012-03-13 07:00:00,SYSTEM
133,Radicar Solicitud Homologacion,2012-03-13 07:00:00,2012-03-13 07:00:00,SYSTEM
133,Cancelar Solicitud,2012-03-13 07:00:00,2012-03-13 07:00:00,SYSTEM
133,Notificacion estudiante cancelacion soli,2012-03-13 07:00:00,2012-03-13 07:00:00,SYSTEM
133,End,2012-03-13 07:00:00,2012-03-13 07:00:00,SYSTEM
134,Start,2012-03-13 07:00:00,2012-03-13 07:00:00,SYSTEM
134,Traer informacion estudiante - banner,2012-03-13 07:00:00,2012-03-13 07:00:00,SYSTEM
134,Radicar Solicitud Homologacion,2012-03-13 07:00:00,2012-03-13 07:00:00,SYSTEM
134,Validar solicitud,2012-03-13 07:00:00,2012-03-13 07:00:00,SYSTEM
134,Homologacion por grupo de cursos,2012-03-13 07:00:00,2012-03-13 07:00:00,SYSTEM
134,End,2012-03-13 07:00:00,2012-03-13 07:00:00,SYSTEM
135,Start,2012-03-13 07:00:00,2012-03-13 07:00:00,SYSTEM
135,Traer informacion estudiante - banner,2012-03-13 07:00:00,2012-03-13 07:00:00,SYSTEM
135,Radicar Solicitud Homologacion,2012-03-13 07:00:00,2012-03-13 07:00:00,SYSTEM
135,Validar solicitud,2012-03-13 07:00:00,2012-03-13 07:00:00,SYSTEM
135,Homologacion por grupo de cursos,2012-03-13 07:00:00,2012-03-13 07:00:00,SYSTEM
135,Revisar curso,2012-03-13 07:00:00,2012-03-13 07:00:00,SYSTEM
135,Cancelar curso,2012-03-13 07:00:00,2012-03-13 07:00:00,SYSTEM
135,Validar solicitud,2012-03-13 07:00:00,2012-03-13 07:00:00,SYSTEM
135,End,2012-03-13 07:00:00,2012-03-13 07:00:00,SYSTEM
136,Start,2012-03-13 07:00:00,2012-03-13 07:00:00,SYSTEM
136,Traer informacion estudiante - banner,2012-03-13 07:00:00,2012-03-13 07:00:00,SYSTEM
136,Radicar Solicitud Homologacion,2012-03-13 07:00:00,2012-03-13 07:00:00,SYSTEM
136,Validar solicitud,2012-03-13 07:00:00,2012-03-13 07:00:00,SYSTEM
136,Homologacion por grupo de cursos,2012-03-13 07:00:00,2012-03-13 07:00:00,SYSTEM
136,Revisar curso,2012-03-13 07:00:00,2012-03-13 07:00:00,SYSTEM
136,Evaluacion curso,2012-03-13 07:00:00,2012-03-13 07:00:00,SYSTEM
136,Validacion final,2012-03-13 07:00:00,2012-03-13 07:00:00,SYSTEM
136,Visto Bueno Cierre Proceso,2012-03-13 07:00:00,2012-03-13 07:00:00,SYSTEM
136,End,2012-03-13 07:00:00,2012-03-13 07:00:00,SYSTEM
137,Start,2012-03-13 07:00:00,2012-03-13 07:00:00,SYSTEM
137,Traer informacion estudiante - banner,2012-03-13 07:00:00,2012-03-13 07:00:00,SYSTEM
137,Radicar Solicitud Homologacion,2012-03-13 07:00:00,2012-03-13 07:00:00,SYSTEM
137,Validar solicitud,2012-03-13 07:00:00,2012-03-13 07:00:00,SYSTEM
137,Validar solicitud / pre-homologacion,2012-03-13 07:00:00,2012-03-13 07:00:00,SYSTEM
137,End,2012-03-13 07:00:00,2012-03-13 07:00:00,SYSTEM
138,Start,2012-03-13 07:00:00,2012-03-13 07:00:00,SYSTEM
138,Traer informacion estudiante - banner,2012-03-13 07:00:00,2012-03-13 07:00:00,SYSTEM
138,Radicar Solicitud Homologacion,2012-03-13 07:00:00,2012-03-13 07:00:00,SYSTEM
138,Cancelar Solicitud,2012-03-13 07:00:00,2012-03-13 07:00:00,SYSTEM
138,Notificacion estudiante cancelacion soli,2012-03-13 07:00:00,2012-03-13 07:00:00,SYSTEM
138,End,2012-03-13 07:00:00,2012-03-13 07:00:00,SYSTEM
139,Start,2012-03-13 07:00:00,2012-03-13 07:00:00,SYSTEM
139,Traer informacion estudiante - banner,2012-03-13 07:00:00,2012-03-13 07:00:00,SYSTEM
139,Radicar Solicitud Homologacion,2012-03-13 07:00:00,2012-03-13 07:00:00,SYSTEM
139,Cancelar Solicitud,2012-03-13 07:00:00,2012-03-13 07:00:00,SYSTEM
139,Notificacion estudiante cancelacion soli,2012-03-13 07:00:00,2012-03-13 07:00:00,SYSTEM
139,End,2012-03-13 07:00:00,2012-03-13 07:00:00,SYSTEM
140,Start,2012-03-13 07:00:00,2012-03-13 07:00:00,SYSTEM
140,Traer informacion estudiante - banner,2012-03-13 07:00:00,2012-03-13 07:00:00,SYSTEM
140,Radicar Solicitud Homologacion,2012-03-13 07:00:00,2012-03-13 07:00:00,SYSTEM
140,Validar solicitud,2012-03-13 07:00:00,2012-03-13 07:00:00,SYSTEM
140,Homologacion por grupo de cursos,2012-03-13 07:00:00,2012-03-13 07:00:00,SYSTEM
140,End,2012-03-13 07:00:00,2012-03-13 07:00:00,SYSTEM
141,Start,2012-03-13 07:00:00,2012-03-13 07:00:00,SYSTEM
141,Traer informacion estudiante - banner,2012-03-13 07:00:00,2012-03-13 07:00:00,SYSTEM
141,Radicar Solicitud Homologacion,2012-03-13 07:00:00,2012-03-13 07:00:00,SYSTEM
141,Cancelar Solicitud,2012-03-13 07:00:00,2012-03-13 07:00:00,SYSTEM
141,Notificacion estudiante cancelacion soli,2012-03-13 07:00:00,2012-03-13 07:00:00,SYSTEM
141,End,2012-03-13 07:00:00,2012-03-13 07:00:00,SYSTEM
142,Start,2012-03-13 07:00:00,2012-03-13 07:00:00,SYSTEM
142,Traer informacion estudiante - banner,2012-03-13 07:00:00,2012-03-13 07:00:00,SYSTEM
142,Radicar Solicitud Homologacion,2012-03-13 07:00:00,2012-03-13 07:00:00,SYSTEM
142,Validar solicitud,2012-03-13 07:00:00,2012-03-13 07:00:00,SYSTEM
142,Homologacion por grupo de cursos,2012-03-13 07:00:00,2012-03-13 07:00:00,SYSTEM
142,End,2012-03-13 07:00:00,2012-03-13 07:00:00,SYSTEM
143,Start,2012-03-13 07:00:00,2012-03-13 07:00:00,SYSTEM
143,Traer informacion estudiante - banner,2012-03-13 07:00:00,2012-03-13 07:00:00,SYSTEM
143,Radicar Solicitud Homologacion,2012-03-13 07:00:00,2012-03-13 07:00:00,SYSTEM
143,Cancelar Solicitud,2012-03-13 07:00:00,2012-03-13 07:00:00,SYSTEM
143,Validar solicitud,2012-03-13 07:00:00,2012-03-13 07:00:00,SYSTEM
143,Revisar curso,2012-03-13 07:00:00,2012-03-13 07:00:00,SYSTEM
143,Evaluacion curso,2012-03-13 07:00:00,2012-03-13 07:00:00,SYSTEM
143,Validar solicitud / pre-homologacion,2012-03-13 07:00:00,2012-03-13 07:00:00,SYSTEM
143,End,2012-03-13 07:00:00,2012-03-13 07:00:00,SYSTEM
144,Start,2012-03-13 07:00:00,2012-03-13 07:00:00,SYSTEM
144,Traer informacion estudiante - banner,2012-03-13 07:00:00,2012-03-13 07:00:00,SYSTEM
144,Radicar Solicitud Homologacion,2012-03-13 07:00:00,2012-03-13 07:00:00,SYSTEM
144,Validar solicitud,2012-03-13 07:00:00,2012-03-13 07:00:00,SYSTEM
144,Homologacion por grupo de cursos,2012-03-13 07:00:00,2012-03-13 07:00:00,SYSTEM
144,Revisar curso,2012-03-13 07:00:00,2012-03-13 07:00:00,SYSTEM
144,Evaluacion curso,2012-03-13 07:00:00,2012-03-13 07:00:00,SYSTEM
144,Validar solicitud / pre-homologacion,2012-03-13 07:00:00,2012-03-13 07:00:00,SYSTEM
144,End,2012-03-13 07:00:00,2012-03-13 07:00:00,SYSTEM
145,Start,2012-03-13 07:00:00,2012-03-13 07:00:00,SYSTEM
145,Traer informacion estudiante - banner,2012-03-13 07:00:00,2012-03-13 07:00:00,SYSTEM
145,Radicar Solicitud Homologacion,2012-03-13 07:00:00,2012-03-13 07:00:00,SYSTEM
145,Cancelar Solicitud,2012-03-13 07:00:00,2012-03-13 07:00:00,SYSTEM
145,Notificacion estudiante cancelacion soli,2012-03-13 07:00:00,2012-03-13 07:00:00,SYSTEM
145,End,2012-03-13 07:00:00,2012-03-13 07:00:00,SYSTEM
146,Start,2012-03-13 07:00:00,2012-03-13 07:00:00,SYSTEM
146,Traer informacion estudiante - banner,2012-03-13 07:00:00,2012-03-13 07:00:00,SYSTEM
146,Radicar Solicitud Homologacion,2012-03-13 07:00:00,2012-03-13 07:00:00,SYSTEM
146,Validar solicitud,2012-03-13 07:00:00,2012-03-13 07:00:00,SYSTEM
146,Homologacion por grupo de cursos,2012-03-13 07:00:00,2012-03-13 07:00:00,SYSTEM
146,Revisar curso,2012-03-13 07:00:00,2012-03-13 07:00:00,SYSTEM
146,Evaluacion curso,2012-03-13 07:00:00,2012-03-13 07:00:00,SYSTEM
146,Validacion final,2012-03-13 07:00:00,2012-03-13 07:00:00,SYSTEM
146,Visto Bueno Cierre Proceso,2012-03-13 07:00:00,2012-03-13 07:00:00,SYSTEM
146,End,2012-03-13 07:00:00,2012-03-13 07:00:00,SYSTEM
147,Start,2012-03-13 07:00:00,2012-03-13 07:00:00,SYSTEM
147,Traer informacion estudiante - banner,2012-03-13 07:00:00,2012-03-13 07:00:00,SYSTEM
147,Radicar Solicitud Homologacion,2012-03-13 07:00:00,2012-03-13 07:00:00,SYSTEM
147,Validar solicitud,2012-03-13 07:00:00,2012-03-13 07:00:00,SYSTEM
147,Homologacion por grupo de cursos,2012-03-13 07:00:00,2012-03-13 07:00:00,SYSTEM
147,Revisar curso,2012-03-13 07:00:00,2012-03-13 07:00:00,SYSTEM
147,Evaluacion curso,2012-03-13 07:00:00,2012-03-13 07:00:00,SYSTEM
147,Validacion final,2012-03-13 07:00:00,2012-03-13 07:00:00,SYSTEM
147,Visto Bueno Cierre Proceso,2012-03-13 07:00:00,2012-03-13 07:00:00,SYSTEM
147,Transferir Creditos,2012-03-13 07:00:00,2012-03-13 07:00:00,SYSTEM
147,Transferir creditos homologables,2012-03-13 07:00:00,2012-03-13 07:00:00,SYSTEM
147,Transferir creditos homologables,2012-03-13 07:00:00,2012-03-13 07:00:00,SYSTEM
147,End,2012-03-13 07:00:00,2012-03-13 07:00:00,SYSTEM
148,Start,2012-03-13 07:00:00,2012-03-13 07:00:00,SYSTEM
148,Traer informacion estudiante - banner,2012-03-13 07:00:00,2012-03-13 07:00:00,SYSTEM
148,Radicar Solicitud Homologacion,2012-03-13 07:00:00,2012-03-13 07:00:00,SYSTEM
148,Cancelar Solicitud,2012-03-13 07:00:00,2012-03-13 07:00:00,SYSTEM
148,Notificacion estudiante cancelacion soli,2012-03-13 07:00:00,2012-03-13 07:00:00,SYSTEM
148,End,2012-03-13 07:00:00,2012-03-13 07:00:00,SYSTEM
149,Start,2012-03-13 07:00:00,2012-03-13 07:00:00,SYSTEM
149,Traer informacion estudiante - banner,2012-03-13 07:00:00,2012-03-13 07:00:00,SYSTEM
149,Radicar Solicitud Homologacion,2012-03-13 07:00:00,2012-03-13 07:00:00,SYSTEM
149,Validar solicitud,2012-03-13 07:00:00,2012-03-13 07:00:00,SYSTEM
149,End,2012-03-13 07:00:00,2012-03-13 07:00:00,SYSTEM
150,Start,2012-03-13 07:00:00,2012-03-13 07:00:00,SYSTEM
150,Traer informacion estudiante - banner,2012-03-13 07:00:00,2012-03-13 07:00:00,SYSTEM
150,Radicar Solicitud Homologacion,2012-03-13 07:00:00,2012-03-13 07:00:00,SYSTEM
150,Validar solicitud,2012-03-13 07:00:00,2012-03-13 07:00:00,SYSTEM
150,Homologacion por grupo de cursos,2012-03-13 07:00:00,2012-03-13 07:00:00,SYSTEM
150,End,2012-03-13 07:00:00,2012-03-13 07:00:00,SYSTEM
151,Start,2012-03-13 07:00:00,2012-03-13 07:00:00,SYSTEM
151,Traer informacion estudiante - banner,2012-03-13 07:00:00,2012-03-13 07:00:00,SYSTEM
151,Radicar Solicitud Homologacion,2012-03-13 07:00:00,2012-03-13 07:00:00,SYSTEM
151,Cancelar Solicitud,2012-03-13 07:00:00,2012-03-13 07:00:00,SYSTEM
151,Notificacion estudiante cancelacion soli,2012-03-13 07:00:00,2012-03-13 07:00:00,SYSTEM
151,End,2012-03-13 07:00:00,2012-03-13 07:00:00,SYSTEM
152,Start,2012-03-13 07:00:00,2012-03-13 07:00:00,SYSTEM
152,Traer informacion estudiante - banner,2012-03-13 07:00:00,2012-03-13 07:00:00,SYSTEM
152,Radicar Solicitud Homologacion,2012-03-13 07:00:00,2012-03-13 07:00:00,SYSTEM
152,Validar solicitud,2012-03-13 07:00:00,2012-03-13 07:00:00,SYSTEM
152,Homologacion por grupo de cursos,2012-03-13 07:00:00,2012-03-13 07:00:00,SYSTEM
152,Revisar curso,2012-03-13 07:00:00,2012-03-13 07:00:00,SYSTEM
152,Evaluacion curso,2012-03-13 07:00:00,2012-03-13 07:00:00,SYSTEM
152,End,2012-03-13 07:00:00,2012-03-13 07:00:00,SYSTEM
153,Start,2012-03-13 07:00:00,2012-03-13 07:00:00,SYSTEM
153,Traer informacion estudiante - banner,2012-03-13 07:00:00,2012-03-13 07:00:00,SYSTEM
153,Radicar Solicitud Homologacion,2012-03-13 07:00:00,2012-03-13 07:00:00,SYSTEM
153,Validar solicitud,2012-03-13 07:00:00,2012-03-13 07:00:00,SYSTEM
153,Homologacion por grupo de cursos,2012-03-13 07:00:00,2012-03-13 07:00:00,SYSTEM
153,End,2012-03-13 07:00:00,2012-03-13 07:00:00,SYSTEM
154,Start,2012-03-13 07:00:00,2012-03-13 07:00:00,SYSTEM
154,Traer informacion estudiante - banner,2012-03-13 07:00:00,2012-03-13 07:00:00,SYSTEM
154,Radicar Solicitud Homologacion,2012-03-13 07:00:00,2012-03-13 07:00:00,SYSTEM
154,Validar solicitud,2012-03-13 07:00:00,2012-03-13 07:00:00,SYSTEM
154,Homologacion por grupo de cursos,2012-03-13 07:00:00,2012-03-13 07:00:00,SYSTEM
154,Revisar curso,2012-03-13 07:00:00,2012-03-13 07:00:00,SYSTEM
154,Evaluacion curso,2012-03-13 07:00:00,2012-03-13 07:00:00,SYSTEM
154,Validacion final,2012-03-13 07:00:00,2012-03-13 07:00:00,SYSTEM
154,Visto Bueno Cierre Proceso,2012-03-13 07:00:00,2012-03-13 07:00:00,SYSTEM
154,End,2012-03-13 07:00:00,2012-03-13 07:00:00,SYSTEM
155,Start,2012-03-13 07:00:00,2012-03-13 07:00:00,SYSTEM
155,Traer informacion estudiante - banner,2012-03-13 07:00:00,2012-03-13 07:00:00,SYSTEM
155,Radicar Solicitud Homologacion,2012-03-13 07:00:00,2012-03-13 07:00:00,SYSTEM
155,Validar solicitud,2012-03-13 07:00:00,2012-03-13 07:00:00,SYSTEM
155,Homologacion por grupo de cursos,2012-03-13 07:00:00,2012-03-13 07:00:00,SYSTEM
155,Revisar curso,2012-03-13 07:00:00,2012-03-13 07:00:00,SYSTEM
155,Evaluacion curso,2012-03-13 07:00:00,2012-03-13 07:00:00,SYSTEM
155,Validacion final,2012-03-13 07:00:00,2012-03-13 07:00:00,SYSTEM
155,Visto Bueno Cierre Proceso,2012-03-13 07:00:00,2012-03-13 07:00:00,SYSTEM
155,Transferir Creditos,2012-03-13 07:00:00,2012-03-13 07:00:00,SYSTEM
155,End,2012-03-13 07:00:00,2012-03-13 07:00:00,SYSTEM
156,Start,2012-03-13 07:00:00,2012-03-13 07:00:00,SYSTEM
156,Traer informacion estudiante - banner,2012-03-13 07:00:00,2012-03-13 07:00:00,SYSTEM
156,Radicar Solicitud Homologacion,2012-03-13 07:00:00,2012-03-13 07:00:00,SYSTEM
156,Validar solicitud,2012-03-13 07:00:00,2012-03-13 07:00:00,SYSTEM
156,Cancelar Solicitud,2012-03-13 07:00:00,2012-03-13 07:00:00,SYSTEM
156,Revisar curso,2012-03-13 07:00:00,2012-03-13 07:00:00,SYSTEM
156,Revisar curso,2012-03-13 07:00:00,2012-03-13 07:00:00,SYSTEM
156,Notificacion estudiante cancelacion soli,2012-03-13 07:00:00,2012-03-13 07:00:00,SYSTEM
156,End,2012-03-13 07:00:00,2012-03-13 07:00:00,SYSTEM
157,Start,2012-03-13 07:00:00,2012-03-13 07:00:00,SYSTEM
157,Traer informacion estudiante - banner,2012-03-13 07:00:00,2012-03-13 07:00:00,SYSTEM
157,Radicar Solicitud Homologacion,2012-03-13 07:00:00,2012-03-13 07:00:00,SYSTEM
157,Validar solicitud,2012-03-13 07:00:00,2012-03-13 07:00:00,SYSTEM
157,Homologacion por grupo de cursos,2012-03-13 07:00:00,2012-03-13 07:00:00,SYSTEM
157,Revisar curso,2012-03-13 07:00:00,2012-03-13 07:00:00,SYSTEM
157,Revisar curso,2012-03-13 07:00:00,2012-03-13 07:00:00,SYSTEM
157,Evaluacion curso,2012-03-13 07:00:00,2012-03-13 07:00:00,SYSTEM
157,Evaluacion curso,2012-03-13 07:00:00,2012-03-13 07:00:00,SYSTEM
157,Validar solicitud / pre-homologacion,2012-03-13 07:00:00,2012-03-13 07:00:00,SYSTEM
157,Avanzar recepcion documentos,2012-03-13 07:00:00,2012-03-13 07:00:00,SYSTEM
157,Validacion final,2012-03-13 07:00:00,2012-03-13 07:00:00,SYSTEM
157,Visto Bueno Cierre Proceso,2012-03-13 07:00:00,2012-03-13 07:00:00,SYSTEM
157,Transferir Creditos,2012-03-13 07:00:00,2012-03-13 07:00:00,SYSTEM
157,Transferir creditos homologables,2012-03-13 07:00:00,2012-03-13 07:00:00,SYSTEM
157,End,2012-03-13 07:00:00,2012-03-13 07:00:00,SYSTEM
158,Start,2012-03-13 07:00:00,2012-03-13 07:00:00,SYSTEM
158,Traer informacion estudiante - banner,2012-03-13 07:00:00,2012-03-13 07:00:00,SYSTEM
158,Radicar Solicitud Homologacion,2012-03-13 07:00:00,2012-03-13 07:00:00,SYSTEM
158,Validar solicitud,2012-03-13 07:00:00,2012-03-13 07:00:00,SYSTEM
158,Homologacion por grupo de cursos,2012-03-13 07:00:00,2012-03-13 07:00:00,SYSTEM
158,End,2012-03-13 07:00:00,2012-03-13 07:00:00,SYSTEM
159,Start,2012-03-13 07:00:00,2012-03-13 07:00:00,SYSTEM
159,Traer informacion estudiante - banner,2012-03-13 07:00:00,2012-03-13 07:00:00,SYSTEM
159,Radicar Solicitud Homologacion,2012-03-13 07:00:00,2012-03-13 07:00:00,SYSTEM
159,Validar solicitud,2012-03-13 07:00:00,2012-03-13 07:00:00,SYSTEM
159,Homologacion por grupo de cursos,2012-03-13 07:00:00,2012-03-13 07:00:00,SYSTEM
159,Revisar curso,2012-03-13 07:00:00,2012-03-13 07:00:00,SYSTEM
159,Evaluacion curso,2012-03-13 07:00:00,2012-03-13 07:00:00,SYSTEM
159,Visto Bueno Cierre Proceso,2012-03-13 07:00:00,2012-03-13 07:00:00,SYSTEM
159,Validacion final,2012-03-13 07:00:00,2012-03-13 07:00:00,SYSTEM
159,End,2012-03-13 07:00:00,2012-03-13 07:00:00,SYSTEM
160,Start,2012-03-13 07:00:00,2012-03-13 07:00:00,SYSTEM
160,Traer informacion estudiante - banner,2012-03-13 07:00:00,2012-03-13 07:00:00,SYSTEM
160,Radicar Solicitud Homologacion,2012-03-13 07:00:00,2012-03-13 07:00:00,SYSTEM
160,Cancelar Solicitud,2012-03-13 07:00:00,2012-03-13 07:00:00,SYSTEM
160,Notificacion estudiante cancelacion soli,2012-03-13 07:00:00,2012-03-13 07:00:00,SYSTEM
160,End,2012-03-13 07:00:00,2012-03-13 07:00:00,SYSTEM
161,Start,2012-03-13 07:00:00,2012-03-13 07:00:00,SYSTEM
161,Traer informacion estudiante - banner,2012-03-13 07:00:00,2012-03-13 07:00:00,SYSTEM
161,Radicar Solicitud Homologacion,2012-03-13 07:00:00,2012-03-13 07:00:00,SYSTEM
161,Validar solicitud,2012-03-13 07:00:00,2012-03-13 07:00:00,SYSTEM
161,Cancelar Solicitud,2012-03-13 07:00:00,2012-03-13 07:00:00,SYSTEM
161,Revisar curso,2012-03-13 07:00:00,2012-03-13 07:00:00,SYSTEM
161,Notificacion estudiante cancelacion soli,2012-03-13 07:00:00,2012-03-13 07:00:00,SYSTEM
161,End,2012-03-13 07:00:00,2012-03-13 07:00:00,SYSTEM
162,Start,2012-03-13 07:00:00,2012-03-13 07:00:00,SYSTEM
162,Traer informacion estudiante - banner,2012-03-13 07:00:00,2012-03-13 07:00:00,SYSTEM
162,Radicar Solicitud Homologacion,2012-03-13 07:00:00,2012-03-13 07:00:00,SYSTEM
162,Homologacion por grupo de cursos,2012-03-13 07:00:00,2012-03-13 07:00:00,SYSTEM
162,Revisar curso,2012-03-13 07:00:00,2012-03-13 07:00:00,SYSTEM
162,Evaluacion curso,2012-03-13 07:00:00,2012-03-13 07:00:00,SYSTEM
162,Validacion final,2012-03-13 07:00:00,2012-03-13 07:00:00,SYSTEM
162,Visto Bueno Cierre Proceso,2012-03-13 07:00:00,2012-03-13 07:00:00,SYSTEM
162,End,2012-03-13 07:00:00,2012-03-13 07:00:00,SYSTEM
163,Start,2012-03-13 07:00:00,2012-03-13 07:00:00,SYSTEM
163,Traer informacion estudiante - banner,2012-03-13 07:00:00,2012-03-13 07:00:00,SYSTEM
163,Radicar Solicitud Homologacion,2012-03-13 07:00:00,2012-03-13 07:00:00,SYSTEM
163,Validar solicitud,2012-03-13 07:00:00,2012-03-13 07:00:00,SYSTEM
163,Homologacion por grupo de cursos,2012-03-13 07:00:00,2012-03-13 07:00:00,SYSTEM
163,Revisar curso,2012-03-13 07:00:00,2012-03-13 07:00:00,SYSTEM
163,Evaluacion curso,2012-03-13 07:00:00,2012-03-13 07:00:00,SYSTEM
163,Validacion final,2012-03-13 07:00:00,2012-03-13 07:00:00,SYSTEM
163,Visto Bueno Cierre Proceso,2012-03-13 07:00:00,2012-03-13 07:00:00,SYSTEM
163,End,2012-03-13 07:00:00,2012-03-13 07:00:00,SYSTEM
164,Start,2012-03-13 07:00:00,2012-03-13 07:00:00,SYSTEM
164,Traer informacion estudiante - banner,2012-03-13 07:00:00,2012-03-13 07:00:00,SYSTEM
164,Radicar Solicitud Homologacion,2012-03-13 07:00:00,2012-03-13 07:00:00,SYSTEM
164,Validar solicitud,2012-03-13 07:00:00,2012-03-13 07:00:00,SYSTEM
164,Homologacion por grupo de cursos,2012-03-13 07:00:00,2012-03-13 07:00:00,SYSTEM
164,Revisar curso,2012-03-13 07:00:00,2012-03-13 07:00:00,SYSTEM
164,Evaluacion curso,2012-03-13 07:00:00,2012-03-13 07:00:00,SYSTEM
164,Validacion final,2012-03-13 07:00:00,2012-03-13 07:00:00,SYSTEM
164,Visto Bueno Cierre Proceso,2012-03-13 07:00:00,2012-03-13 07:00:00,SYSTEM
164,End,2012-03-13 07:00:00,2012-03-13 07:00:00,SYSTEM
165,Start,2012-03-13 07:00:00,2012-03-13 07:00:00,SYSTEM
165,Traer informacion estudiante - banner,2012-03-13 07:00:00,2012-03-13 07:00:00,SYSTEM
165,Radicar Solicitud Homologacion,2012-03-13 07:00:00,2012-03-13 07:00:00,SYSTEM
165,Validar solicitud,2012-03-13 07:00:00,2012-03-13 07:00:00,SYSTEM
165,Homologacion por grupo de cursos,2012-03-13 07:00:00,2012-03-13 07:00:00,SYSTEM
165,End,2012-03-13 07:00:00,2012-03-13 07:00:00,SYSTEM
166,Start,2012-03-13 07:00:00,2012-03-13 07:00:00,SYSTEM
166,Traer informacion estudiante - banner,2012-03-13 07:00:00,2012-03-13 07:00:00,SYSTEM
166,Radicar Solicitud Homologacion,2012-03-13 07:00:00,2012-03-13 07:00:00,SYSTEM
166,Cancelar Solicitud,2012-03-13 07:00:00,2012-03-13 07:00:00,SYSTEM
166,Notificacion estudiante cancelacion soli,2012-03-13 07:00:00,2012-03-13 07:00:00,SYSTEM
166,End,2012-03-13 07:00:00,2012-03-13 07:00:00,SYSTEM
167,Start,2012-03-13 07:00:00,2012-03-13 07:00:00,SYSTEM
167,Cancelar Solicitud,2012-03-13 07:00:00,2012-03-13 07:00:00,SYSTEM
167,Revisar curso,2012-03-13 07:00:00,2012-03-13 07:00:00,SYSTEM
167,Cancelar curso,2012-03-13 07:00:00,2012-03-13 07:00:00,SYSTEM
167,Cancelar curso,2012-03-13 07:00:00,2012-03-13 07:00:00,SYSTEM
167,Visto Bueno Cierre Proceso,2012-03-13 07:00:00,2012-03-13 07:00:00,SYSTEM
167,Visto Bueno Cierre Proceso,2012-03-13 07:00:00,2012-03-13 07:00:00,SYSTEM
167,Evaluacion curso,2012-03-13 07:00:00,2012-03-13 07:00:00,SYSTEM
167,Validacion final,2012-03-13 07:00:00,2012-03-13 07:00:00,SYSTEM
167,Visto Bueno Cierre Proceso,2012-03-13 07:00:00,2012-03-13 07:00:00,SYSTEM
167,End,2012-03-13 07:00:00,2012-03-13 07:00:00,SYSTEM
168,Start,2012-03-13 07:00:00,2012-03-13 07:00:00,SYSTEM
168,Traer informacion estudiante - banner,2012-03-13 07:00:00,2012-03-13 07:00:00,SYSTEM
168,Radicar Solicitud Homologacion,2012-03-13 07:00:00,2012-03-13 07:00:00,SYSTEM
168,Cancelar Solicitud,2012-03-13 07:00:00,2012-03-13 07:00:00,SYSTEM
168,Notificacion estudiante cancelacion soli,2012-03-13 07:00:00,2012-03-13 07:00:00,SYSTEM
168,End,2012-03-13 07:00:00,2012-03-13 07:00:00,SYSTEM
169,Start,2012-03-13 07:00:00,2012-03-13 07:00:00,SYSTEM
169,Traer informacion estudiante - banner,2012-03-13 07:00:00,2012-03-13 07:00:00,SYSTEM
169,Radicar Solicitud Homologacion,2012-03-13 07:00:00,2012-03-13 07:00:00,SYSTEM
169,Cancelar Solicitud,2012-03-13 07:00:00,2012-03-13 07:00:00,SYSTEM
169,Notificacion estudiante cancelacion soli,2012-03-13 07:00:00,2012-03-13 07:00:00,SYSTEM
169,End,2012-03-13 07:00:00,2012-03-13 07:00:00,SYSTEM
170,Start,2012-03-13 07:00:00,2012-03-13 07:00:00,SYSTEM
170,Traer informacion estudiante - banner,2012-03-13 07:00:00,2012-03-13 07:00:00,SYSTEM
170,Radicar Solicitud Homologacion,2012-03-13 07:00:00,2012-03-13 07:00:00,SYSTEM
170,Cancelar Solicitud,2012-03-13 07:00:00,2012-03-13 07:00:00,SYSTEM
170,Notificacion estudiante cancelacion soli,2012-03-13 07:00:00,2012-03-13 07:00:00,SYSTEM
170,End,2012-03-13 07:00:00,2012-03-13 07:00:00,SYSTEM
171,Start,2012-03-13 07:00:00,2012-03-13 07:00:00,SYSTEM
171,Traer informacion estudiante - banner,2012-03-13 07:00:00,2012-03-13 07:00:00,SYSTEM
171,Radicar Solicitud Homologacion,2012-03-13 07:00:00,2012-03-13 07:00:00,SYSTEM
171,Radicar Solicitud Homologacion,2012-03-13 07:00:00,2012-03-13 07:00:00,SYSTEM
171,Notificacion estudiante cancelacion soli,2012-03-13 07:00:00,2012-03-13 07:00:00,SYSTEM
171,End,2012-03-13 07:00:00,2012-03-13 07:00:00,SYSTEM
172,Start,2012-03-13 07:00:00,2012-03-13 07:00:00,SYSTEM
172,Traer informacion estudiante - banner,2012-03-13 07:00:00,2012-03-13 07:00:00,SYSTEM
172,Radicar Solicitud Homologacion,2012-03-13 07:00:00,2012-03-13 07:00:00,SYSTEM
172,Cancelar Solicitud,2012-03-13 07:00:00,2012-03-13 07:00:00,SYSTEM
172,Notificacion estudiante cancelacion soli,2012-03-13 07:00:00,2012-03-13 07:00:00,SYSTEM
172,End,2012-03-13 07:00:00,2012-03-13 07:00:00,SYSTEM
